time,ant,ejb,jpa,log4j,slf4j,guava,mockito,easymock,logback,jodatime,# osgi stuff,osgi,osgi-bundle,apache-felix,equinox,knopflerfish,jboss,cxf,apache-karaf,karaf,glassfish,bnd,aries,eclipse-gemini,eclipse-ecf,amdatu,pax-web,pax,aiolos,junit,junit4,# spring parts,spring,spring-mvc,spring-boot,spring-io,spring-xd,spring-cloud,spring-data,spring-batch,spring-security,spring-integration,spring hateoas,spring-social,spring-amqp,spring-webflow,# application servers,tomcat,jsp,jetty,jonas,geronimo,jboss-as-7,tomee,resin,weblogic,websphere,# apache commons,apache-commons-daemon,apache-commons-dateutils,apache-commons-dbcp,apache-commons-dbutils,apache-commons-digester,apache-commons-email,apache-commons-exec,apache-commons-fileupload,apache-commons-httpclient,apache-commons-io,apache-commons-jci,apache-commons-lang,apache-commons-lang3,apache-commons-logging,apache-commons-math,apache-commons-net,apache-commons-pool,apache-commons-scxml,apache-commons-vfs,apache-commons-csv,apache-commons,apache-commons-beanutils,apache-commons-cli,apache-commons-codec,apache-commons-collection,apache-commons-compress,apache-commons-config
2008-07-31,,,,,,,,,,,,,,,,,,,,,,,,,,,,,,,,,,,,,,,,,,,,,,,,,,,,,,,,,,,,,,,,,,,,,,,,,,,,,,,,,,,,,
2008-08-07,1,,,,,,,,,,,,,,,,,,,,,,,,,,,,,,,,,,,,,,,,,,,,,,,,,,,,,,,,1,,,,,,,,,,,,,,,,,,,,,,,,,,,,
2008-08-14,2,,,,,,,,,,,,,,,,1,,,,,,,,,,,,,2,,,2,,,,,,,,,,,,,,,,,,,,,,1,,4,,,,,,,,,,,,,,,,,,,,,,,,,,,,
2008-08-21,4,,,,,,,,,,,2,,,,,1,1,,,,,,,,,,,,2,,,3,,,,,,,,,,,,,,,3,2,,,,,,1,,4,,,,,,,,,,,,,,,,,,,,,,,,,,,,
2008-08-28,6,1,,1,,,,,,,,3,,,,,1,1,,,,,,,,,,,,2,,,4,,,,,,,,,,,,,,,6,4,,,,,,1,1,5,,,,,,,,,,,,,,,,,,,,,,,,,,,,
2008-09-04,7,1,1,2,,,,,,,,4,,,,,2,1,,,,,,,,,,,,4,,,6,,,,,,,,,,,,,,,6,8,,,,,,1,1,6,,,,,,,,,1,,,,,,,,,,,,,,,,,,,
2008-09-11,12,1,2,3,,,,,,,,4,,,,,4,2,,,,,,,,,,,,6,,,8,,,,,,,,,,,,,,,11,12,,,,,,1,3,6,,,,,,,,,1,,,,,,,,,,,,,,,,,,,
2008-09-18,21,3,8,8,,,,1,,,,5,,,,,6,2,,,1,,,,,,,,,10,,,17,,,,,,,,,,,,,2,,26,21,2,,,,,1,3,12,,,,,,,,,1,,,,,,,,,,,,,,,,,,,
2008-09-25,25,8,13,8,,,,2,,,,6,,,,,15,2,,,3,,,,1,,,,,17,,,35,,,,,,,,1,,,,,3,,46,36,6,,,,,1,5,12,,,,,,,,,1,,,,,,,,,,,,,,,,,,,
2008-10-02,34,15,18,12,,,,2,,,,6,,,,,17,3,,,7,,,,1,,,,,21,1,,45,3,,,,,,,2,,,,,3,,64,55,6,,1,,,2,7,18,,,,,,,,,1,,,,,,,,,,,,,,,,,,,
2008-10-09,47,18,26,16,,,,2,2,,,7,,,,,20,3,,,9,,,,1,,,,,29,1,,59,6,,,,,,,3,,,,,4,,75,65,7,,1,,,2,8,22,,,,,,,,,1,,,,,,,,,,,,,,,,,,,
2008-10-16,54,19,29,19,,,,2,2,,,8,,,,,26,3,,,9,,,,1,,,,,37,1,,64,6,,,,,,,3,,,,,4,,86,77,8,,2,,,2,9,25,,,,,,,,,1,1,,,,,,,,,,,,,,,,,,
2008-10-23,59,20,33,22,,,,2,2,,,9,,,,,34,3,,,10,,,,1,,,,,41,1,,75,6,,,,,,,4,,,,,5,,96,94,8,,2,,,2,9,27,,,,,,,,,2,2,,,,,,,,,,,,,,,,,,
2008-10-30,71,21,35,22,,,,2,2,,,9,,,,,38,3,,,10,,,,1,,,,,44,1,,90,8,,,,,,,5,,,,,6,,104,112,8,,2,,,2,11,31,,,,,,,,,2,2,,,,,,,,,,,,,,,,,,
2008-11-06,77,24,39,22,,,,2,2,,,10,,,,,43,3,,,10,,,,1,,,,,52,1,,99,8,,,,,,,5,,,,,6,,110,122,10,,2,,,2,12,33,,,,,,,,,2,2,,,,,,,,,,1,,,,,,,,
2008-11-13,82,25,45,24,,,,2,2,,,11,,,,,48,3,,,11,,,,1,,,,,54,1,,105,10,,,,,,,6,,,,,6,,115,135,11,,2,,,2,13,36,,,,1,,,,,2,2,,,,,,,,,,1,,,,,,,,
2008-11-20,89,25,48,26,,,,2,2,1,,12,,,,,49,4,,,11,,,,1,,,,,56,2,,115,10,,,,,,,6,1,,,,7,,120,151,12,,2,,,2,15,42,,,,1,,,,,2,2,,,,,,,,,,1,,1,,,,,,
2008-11-27,96,27,56,28,,,,2,2,1,,13,,1,,,55,4,,,11,,,,1,,,,,60,2,,121,10,,,,,,,6,1,,,,7,,128,160,12,,2,,,2,16,45,,,,1,,,,,2,2,,,,,,,,,,1,,1,,,,,,
2008-12-04,98,28,61,28,,,,2,2,1,,13,,1,,,56,4,,,12,,,,1,,,,,67,2,,133,11,,,,,,,6,1,,,,8,,135,174,13,,2,,,2,18,47,,,,1,,,,,2,3,,,,,,,,,,1,,1,,,,,,
2008-12-11,106,31,67,30,1,,,2,3,1,,13,,1,,,60,4,,,14,,,,1,,,,,69,2,,139,12,,,,,,,6,2,,,,8,,144,189,13,,3,,,2,18,49,,,,1,,,,,2,3,,,,,,,,,,1,,2,,,,,,
2008-12-18,110,31,69,31,1,,,3,3,3,,16,,1,,,61,4,,,14,,,,1,,,,,71,2,,146,13,,,,,,,7,2,,,,8,,157,201,13,,3,,,2,20,52,,,,1,,,,,2,3,,,,,,,,,,1,,2,,,,,,
2008-12-25,111,31,74,32,1,,,3,3,3,,18,,1,,,63,4,,,16,,,,1,,,,,72,2,,153,16,,,,,,,7,2,,,,9,,161,211,14,,3,,,2,20,53,,,,1,,,,,2,3,,,,,,,,,,1,,3,,,,,,
2009-01-01,114,32,76,32,1,,,3,3,3,,18,,1,,,64,4,,,17,,,,1,,,,,74,3,,156,16,,,,,,,7,2,,,,9,,164,218,15,,3,,,3,20,53,,,,1,,,,,2,3,,,,,,,,,,1,,3,,,,,,
2009-01-08,117,32,82,34,1,,,3,3,3,,19,,1,,,68,4,,,17,,,,1,,,,,78,3,,162,17,,,,,,,7,2,,,,9,,170,223,15,,3,,,3,20,54,,,,1,,,,,2,3,,,,,,,,,,1,,3,,,,,,
2009-01-15,127,34,86,35,1,,,3,3,3,,20,,2,,,68,5,,,19,,,,1,,,,,87,3,,180,18,,,,,,,7,2,,,,10,,180,232,15,,3,,,3,21,57,,,,1,,1,,,2,3,,,,,,,,,,1,,3,,,,,,
2009-01-22,134,36,99,39,2,,,5,3,3,,22,,3,,,72,6,,,22,,,,1,,,,,94,4,,193,19,,,,,,,9,2,,,,10,,188,242,15,,3,,,3,21,59,,,,1,,1,,,2,4,,,,,,,,,,1,,4,,,,,,
2009-01-29,140,36,105,43,3,,,5,3,3,,23,,3,,,77,6,,,23,,,,1,,,,,97,4,,202,20,,,,,,,9,2,,,,11,,201,251,16,,3,,,4,21,60,,,,1,,1,,,2,4,,,,,,,,,,1,,6,,,,,,
2009-02-05,146,38,110,46,3,,1,5,3,3,,24,,3,,,85,6,,,25,,,,1,,,,,102,4,,213,22,,,,,,,10,2,,,,11,,208,258,18,,3,,,4,21,63,,,,2,,1,,,2,4,,,,,,,,,,1,,7,,,,,,
2009-02-12,158,40,113,47,3,,1,5,3,3,,26,,3,,,94,6,,,32,,,,1,,,,,111,4,,229,24,,,,,,,13,2,,,,11,,217,275,20,,3,,,4,23,66,,,,4,,2,,,2,4,,,,,,,,,,1,,7,,,,,,
2009-02-19,164,42,119,51,3,,1,5,3,3,,28,,3,,,100,7,,,37,,,,1,,,,,114,4,,244,25,,,,,,,17,2,,,,11,,225,290,21,,3,,,4,25,67,,,,4,,2,,,2,4,,,,,,,,,,1,,7,,,,,,
2009-02-26,169,45,128,59,3,,1,7,3,4,,29,,3,,,106,8,,,39,,,,1,,,,,117,4,,255,29,,,,,,,18,2,,,,11,,237,300,22,,4,,,4,31,70,,,,4,,2,,,2,4,,,,,,,,,,1,,7,,,,1,,
2009-03-05,179,46,133,59,3,,1,7,3,6,,30,,3,,,111,8,,,42,,,,1,,,,,121,4,,265,30,,,,,,,18,2,,,,11,,247,310,25,,4,,,4,34,72,,,,4,,2,,,2,4,,,1,,,,,,,1,,7,,,,1,,
2009-03-12,194,50,134,62,3,,2,9,3,6,,31,,3,,,119,8,,,44,,,,1,,,,,128,5,,278,32,,,,,,,22,2,,,,11,,259,323,26,,4,,,4,37,74,,,,4,,2,,,2,5,,,1,,,,,,,1,,8,1,,,1,,
2009-03-19,208,53,142,62,3,,2,9,3,6,,33,,4,,,131,10,,,49,,,,1,,,,,131,6,,283,32,,,,,,,22,2,,,,12,,268,341,28,,4,,,4,39,75,,,,4,,2,,,2,5,,,1,,,,,,,1,,9,1,,,1,,
2009-03-26,222,56,155,62,3,,2,9,3,6,,36,,4,,,138,10,,,50,,,,1,,,,,142,7,,294,34,,,,,,,22,2,,,,12,,278,357,29,,4,,,6,40,76,,,,4,,2,,,2,5,,,1,,,,,,,1,,9,1,,,1,,
2009-04-02,235,58,164,66,3,,2,10,3,6,,42,,4,2,,147,13,,,51,,,,1,,,,,143,9,,307,36,,,,,,,24,2,,,,12,,288,368,30,,4,,,6,41,79,,,,4,,2,,,2,5,,,1,,,,,,,1,,9,1,,,1,,
2009-04-09,242,61,171,69,3,,2,10,3,6,,44,,4,3,,155,13,,,54,,,,1,,,,,143,9,,317,40,,,,,,,25,2,,,,12,,312,382,32,,4,,,6,44,80,,,,4,,2,,,2,5,,,1,,,,,,,1,,9,1,,,1,,
2009-04-16,250,63,177,72,3,2,2,10,3,6,,45,,4,3,,160,13,,,56,,,,1,,,,,151,9,,331,42,,,,,,,25,2,,,,12,,321,395,34,,4,,,6,46,80,,,,4,,2,,,2,5,,,1,,,,,,,1,,9,1,,,1,,
2009-04-23,263,66,186,77,3,2,2,10,3,6,,46,,4,3,,164,13,,,58,,,,1,,,,,157,9,,347,46,,,,,,,25,2,,,,12,,335,412,36,,4,,,7,49,81,,,,4,,2,,,2,5,,,1,,,,,,,1,,9,1,,,2,,
2009-04-30,271,66,199,83,4,2,2,10,3,6,,49,,5,3,,169,15,,,58,,,,1,,,,,159,9,,369,53,,,,,,,27,3,,,,15,,350,427,38,,4,,,7,53,84,,,,4,,2,,,2,6,,,1,,,,,,,1,,9,1,,,2,,
2009-05-07,280,69,214,85,4,3,3,10,3,6,,49,,5,3,,176,18,,,60,,,,1,,,,,165,9,,391,57,,,,,,,29,3,,,,15,,359,459,42,,4,,,8,54,88,,,,4,,2,,,2,6,,,1,,,,,,,1,,10,1,,,2,,
2009-05-14,299,71,225,91,4,3,3,11,4,7,,52,,5,4,,184,18,,,61,,,,1,,,,,170,10,,417,62,,,,,,,29,3,,,,15,,380,481,45,,4,,,8,55,89,,,,4,,2,1,,2,6,,,1,,,,,,,1,,10,1,,,2,,
2009-05-21,314,73,241,96,6,4,3,11,4,7,,54,,5,4,,190,20,,,62,,,,1,,,,,176,10,,455,74,,,,,,,31,3,,,,16,,390,501,45,,4,,,8,58,95,,,,4,,2,1,,2,6,,,1,,1,,,,,1,,11,1,,,2,,
2009-05-28,329,76,249,102,6,4,3,11,4,8,,58,,5,4,,199,21,,,64,,,,1,,,,,182,10,,479,80,,,,,,,35,3,,,,16,,399,518,46,,4,,,10,60,102,,,,5,,2,1,,2,6,1,,1,,1,,,,,1,,11,1,,,2,,
2009-06-04,344,77,263,107,7,4,3,12,5,8,,62,,5,4,,211,21,,,67,,,,1,,,,,186,10,,497,87,,,,,,,39,3,,,,16,,411,535,48,,4,,,10,63,106,,,,5,,2,1,,2,6,1,,1,,2,,,,,1,,11,1,,,2,,
2009-06-11,358,78,269,114,8,4,3,12,6,8,,63,,5,4,,219,22,,,70,,,,1,,,,,195,10,,529,91,,,,,,,43,3,,,,16,,427,553,52,,4,,,10,68,107,,,,6,,3,1,,2,6,1,,1,,3,,,,,1,,12,3,,,2,,
2009-06-18,368,79,279,118,8,4,3,12,6,9,,64,,5,4,,225,24,,,72,,,,1,,,,,201,10,,553,95,,,,,,,46,3,,,,20,,449,572,55,,4,,,10,72,118,,,,6,,4,1,,2,6,1,,1,,4,,,,,1,,12,3,,,2,,
2009-06-25,385,83,291,122,8,4,3,12,6,9,,65,,6,4,,245,24,,,74,,,,1,,,,,206,10,,580,100,,,,,,,48,3,,,,22,,470,592,59,,4,,,11,80,121,,,,6,,4,1,,2,6,1,,1,,4,,,,,1,,12,4,,,2,,
2009-07-02,397,85,302,126,8,5,3,12,7,12,,69,,7,6,,255,24,,,76,,,,1,,,,,212,12,,605,107,,,,,,,50,3,,,,23,,488,613,62,,4,,,12,83,127,,,,7,,4,1,,3,6,1,,1,,4,,,,,1,,12,4,,,2,,
2009-07-09,409,86,317,128,8,5,5,12,7,12,,75,,8,7,,265,24,,,77,,,,1,,,,,221,13,,629,111,,,,,,,50,3,,,,24,,507,635,64,,4,,,12,83,132,,,,8,,4,1,,3,6,1,,1,,4,,,,,1,,13,4,,,2,,
2009-07-16,420,87,333,129,8,5,5,13,7,12,,76,,9,8,,273,26,,,80,,,,1,,,,,232,13,,656,114,,,,,,,52,3,,,,24,,525,654,66,,4,,,12,87,136,,,,8,,4,1,,4,6,1,,1,,4,,1,,,2,,14,4,,,2,,
2009-07-23,441,92,341,134,8,5,6,13,7,12,,78,,10,8,,287,27,,,86,,,,1,,,,,244,15,,677,114,,,,,,,56,3,,,,24,,553,671,69,,4,,,12,89,142,,,,9,,4,1,,5,6,1,,1,,4,,1,,,2,,16,4,,,2,,
2009-07-30,461,95,348,139,8,5,6,14,7,13,,80,,11,9,,293,27,,,89,,,,1,,,,,253,18,,714,121,,,,,,,60,3,,,,24,,581,693,73,,4,,,12,92,150,,,,9,,4,1,,5,6,1,,1,,4,,1,,,2,,17,4,,,2,,
2009-08-06,474,95,364,142,8,5,6,15,7,14,,87,,13,9,,308,29,,,94,,,,1,,,,,264,20,,740,129,,,,,,,61,3,,,,25,,607,716,74,,4,,,14,97,151,,,,10,,4,1,,5,6,1,,1,,4,,1,,,2,,17,4,,,2,,
2009-08-13,488,99,369,157,9,5,6,16,7,15,,93,,15,10,,319,30,,,96,,,,1,,,,,270,21,,767,139,,,,,,,61,3,,,,25,,619,736,76,,4,,,15,99,158,,,,10,,4,1,,5,6,1,,1,,4,,1,,,2,,17,4,,,2,,
2009-08-20,499,99,383,163,9,5,6,17,7,15,,97,,17,10,,331,30,,,101,,,,1,,,,,277,21,,788,142,,,,,,,64,3,,,,25,,644,755,79,,4,,,15,104,160,,,,10,,4,1,,5,7,1,,1,,5,,1,,,2,,18,4,,,2,,
2009-08-27,506,102,398,169,9,6,6,17,7,18,,100,1,17,10,,343,31,,,105,,,,1,,,,,282,21,,809,146,,,,,,,68,4,,,,25,,666,779,81,,5,,,16,109,165,,,,10,,4,1,,5,7,1,,1,,5,,1,,,2,,19,6,,,2,,
2009-09-03,517,108,418,178,9,6,6,17,7,18,,105,1,17,10,,355,31,,,110,,,,1,,,,,286,22,,832,153,,,,,,,68,5,,,,25,,676,801,86,,5,,,16,112,173,,,,10,,5,1,,5,7,1,,1,,5,,1,,,3,,22,7,,,2,,
2009-09-10,531,113,432,184,9,6,6,17,7,18,,110,1,17,10,,369,33,,,114,,,,1,,,,,294,22,,855,161,,,,,,,71,5,,,,25,,694,826,87,,5,,,17,116,174,,,,10,,5,1,,5,8,1,,1,,5,,1,,,3,,23,7,,,2,,
2009-09-17,542,115,440,191,9,6,7,17,7,18,,116,1,17,12,,381,37,,,117,,,,1,,,,,300,22,,873,166,,,,,,1,71,7,,,,25,,714,847,90,,6,,,17,118,180,,,,11,,5,1,,5,9,1,,1,,5,,1,,,3,,26,7,,,2,,
2009-09-24,554,119,453,193,9,7,8,17,7,19,,120,1,17,15,,392,37,,,121,,,,1,,,,,303,22,,906,175,,,,,,1,73,7,,,,25,,744,869,94,,6,,,18,121,184,,,,11,,5,1,,5,10,1,,1,,5,,1,,,3,,28,7,,,2,,
2009-10-01,570,123,461,198,9,7,8,18,7,22,,126,1,17,17,,400,40,,,124,,,,1,,,,,315,22,,941,183,,,,,,1,76,7,,,,25,,766,898,95,,6,,,18,130,185,,,,12,,5,1,,6,10,1,,1,,6,,1,,,4,,28,7,,,2,,
2009-10-08,577,129,466,208,9,8,8,18,8,23,,131,1,17,19,,410,41,,,131,,,,1,,,,,324,22,,972,191,,,,,,1,77,7,,,,25,,784,917,99,,6,,,19,132,187,,,,12,,6,1,,6,10,1,,1,,7,,1,,,4,,28,7,,,2,,
2009-10-15,600,133,477,211,10,8,9,18,8,23,,139,1,17,20,,420,43,,,135,,,,1,,,,,330,25,,1000,198,,,,,,2,79,7,,,,25,,809,937,103,,6,,,20,134,189,,,,12,,6,1,,6,10,1,,1,,8,,1,,,4,,28,7,,,2,,
2009-10-22,619,141,492,217,10,9,9,19,8,23,,146,1,18,20,,442,46,,,139,,,,1,,,,,336,26,,1041,205,,,,,,2,83,7,,,,27,,823,957,109,,6,,,20,138,190,,,,13,,6,1,,6,10,1,,1,,9,,1,,,4,,29,7,,,2,,
2009-10-29,635,145,504,220,10,10,9,19,8,25,,150,1,19,20,,452,49,1,,146,,,,1,,,,,340,26,,1081,209,,,,,,3,97,7,,,,28,,841,983,110,,7,,,21,150,192,,,,13,,7,2,,6,11,1,,1,,9,,1,,,4,,31,7,,,2,,
2009-11-05,642,148,517,225,10,10,10,20,8,25,,152,1,19,20,,471,49,1,,149,,,,1,,,,,350,31,,1114,220,,,,,,4,101,8,,,,29,,864,1004,115,,7,,,22,155,193,,,,13,,8,2,,6,11,1,,1,,9,,1,,,4,,31,7,,,2,,
2009-11-12,654,152,526,231,11,11,10,20,8,29,,155,1,19,21,,482,52,1,,157,,,,1,,,,,365,33,,1157,228,,,,,,4,107,9,,,,32,,877,1026,119,,7,,,22,159,198,,1,,13,,9,2,,7,11,1,,1,,9,,1,,,4,,34,7,,,2,,
2009-11-19,671,160,538,238,11,11,11,20,8,31,,159,1,19,21,,497,58,1,,159,,,,1,,,,,375,33,,1190,233,,,,,,4,110,10,,,,32,,907,1058,126,,7,,,23,161,199,,1,,13,,9,2,,8,12,1,,1,,9,,2,,,4,,36,7,,,2,,
2009-11-26,691,162,553,248,12,11,13,21,9,32,,160,1,19,21,,514,61,1,,164,,,,1,,,,,385,35,,1213,237,,,,,,4,118,10,,,,33,,938,1090,130,,7,,,24,165,205,,1,,13,,9,3,,8,12,1,,1,,9,,2,,,4,,39,7,,,2,,
2009-12-03,701,163,570,255,12,14,13,22,9,33,,167,1,19,21,,521,62,1,,168,,,,1,,,,,397,36,,1251,241,,,,,,5,127,10,,,,34,,962,1116,132,,7,,,24,167,209,,1,,13,,9,4,,8,12,1,,1,,9,,2,,,4,,41,8,1,,2,,
2009-12-10,717,164,595,258,12,14,13,22,9,34,,176,1,19,23,,533,63,1,,176,,,,1,,,,,405,38,,1295,249,,,,,,5,130,11,,,,37,,981,1138,136,,9,,,24,174,210,,1,,14,,9,4,,8,12,1,,1,,9,,2,,,4,,42,8,1,,2,,
2009-12-17,728,166,613,262,13,14,13,22,9,35,,180,1,21,24,,547,64,1,,185,,,,1,,,,,413,38,,1327,256,,,,,,5,130,11,,,,40,,1004,1175,143,,9,,,24,179,219,,1,,15,,9,4,,8,13,1,,1,,9,,2,,,4,,43,8,1,,2,,
2009-12-24,747,169,633,266,14,14,13,23,10,37,,182,1,21,24,,555,68,1,,191,,,,1,,,,,421,39,,1357,267,,,,,,5,134,11,,,,43,,1019,1204,145,,9,,,24,185,221,,1,,15,,9,4,,9,13,1,,1,,9,,2,1,,4,,45,8,1,,2,,
2009-12-31,755,172,649,270,14,15,14,24,11,37,,185,1,21,24,,573,68,1,,193,,,,1,,,,,428,39,,1391,273,,,,,,5,137,11,,,,44,,1026,1223,147,,9,,,24,185,222,,1,,15,,9,4,,9,13,1,,1,,9,,2,1,,4,,46,8,1,,2,,
2010-01-07,763,177,664,273,14,17,14,25,14,38,,189,1,22,25,,582,69,1,,194,,,,1,,,,,430,40,,1424,277,,,,,,5,145,11,,,,44,,1041,1247,148,,9,,,25,193,223,,2,,15,,9,4,,9,13,1,,1,,9,,2,1,,4,,47,8,1,,2,,
2010-01-14,780,179,687,282,16,22,15,25,14,39,,192,1,22,25,,602,69,1,,204,,,,2,,,,,440,41,,1468,290,,,,,,5,151,11,,,,47,,1060,1287,151,,9,,,25,200,231,,2,,15,,9,4,,9,15,1,,1,,9,,2,1,,4,,48,8,1,1,2,,
2010-01-21,794,181,712,289,18,26,15,25,15,40,,195,1,22,25,,612,73,1,,213,,,,2,,,,,447,42,,1531,307,,,,,,6,157,11,,,,51,,1082,1329,156,,10,,,25,209,233,,2,,15,,9,4,,11,16,1,,1,,9,,2,1,,4,,51,8,1,1,2,,
2010-01-28,809,183,729,299,18,30,15,27,15,41,,198,1,22,26,,630,74,1,,224,,,,2,,,,,453,44,,1586,325,,,,,,7,168,11,,,,52,,1106,1364,161,,10,,,26,214,237,,2,,15,,9,5,,11,16,2,,2,,10,,2,1,,4,,55,8,1,1,2,,
2010-02-04,830,189,750,304,18,34,15,28,15,45,,199,1,22,26,,654,75,1,,235,,,,2,,,,,462,47,,1639,340,,,,,,7,178,11,,,,53,,1130,1405,167,,10,,,26,219,243,,2,,15,,9,5,,11,16,2,,2,,10,,2,1,,4,,57,8,1,1,2,,
2010-02-11,846,193,774,308,18,36,15,28,15,48,,206,1,22,27,,669,80,1,,244,,,,2,,,,,475,48,,1713,362,,,,,,7,190,12,,,,54,,1159,1446,170,,10,,,26,221,247,,2,,15,,9,5,,11,19,2,1,2,,10,,2,1,,5,,59,8,1,1,2,,
2010-02-18,867,197,802,314,18,40,16,29,15,49,,208,1,22,27,,681,86,1,,248,,,,2,,,,,487,50,,1773,382,,,,,,7,199,12,,,,56,,1189,1486,176,,10,,,27,227,251,,2,,15,,9,5,,11,19,2,1,2,,10,,2,1,,5,,61,8,1,1,2,,
2010-02-25,887,200,828,324,18,43,17,30,15,50,,208,1,22,27,,695,86,1,,259,,,,3,,,,,502,54,,1829,402,,,,,,9,207,12,,,,56,,1213,1515,180,,10,,,29,229,253,,2,,15,,9,5,,12,19,2,1,2,,10,,2,1,,5,,64,8,1,1,2,,
2010-03-04,913,205,855,335,19,46,18,30,16,50,,213,1,22,28,,712,87,1,,277,,,,3,,,1,,515,56,,1879,418,,,,,,9,219,12,,,,57,,1240,1553,190,,10,,,30,230,259,,2,,16,,9,5,,12,20,2,1,2,,10,,2,1,,5,,67,8,1,1,2,,
2010-03-11,942,211,882,343,22,48,18,31,21,51,,218,1,24,29,,730,90,1,,293,,,,3,,,1,,528,59,,1947,430,,,,,,9,227,12,,,,57,,1264,1588,197,,10,,,30,236,262,,2,,16,,10,5,,12,21,2,1,2,,10,,2,1,,5,,73,8,1,1,2,,
2010-03-18,964,217,916,350,23,50,19,31,21,52,,223,1,25,30,,744,92,1,,300,,,,3,,,1,,542,60,,1996,442,,,,,,9,236,12,,,,58,,1288,1622,201,,11,,,30,249,271,,2,,18,,10,5,,12,21,2,1,2,,10,,2,1,,5,,76,8,1,1,2,,
2010-03-25,981,218,943,366,24,53,19,32,23,55,,226,1,25,30,,756,96,1,,316,,,,3,,,1,,562,65,,2049,460,,,,,,9,242,13,,,,58,,1325,1656,205,,11,,,30,253,277,,2,,19,,10,5,,12,22,2,1,2,,10,,2,1,,5,,78,9,1,1,2,,
2010-04-01,1005,224,967,371,25,60,19,32,24,56,,228,1,25,30,,770,100,1,,324,,,,3,,,1,,578,65,,2097,477,,,,,,9,252,14,,,,59,,1351,1687,213,,11,,,31,253,283,,2,,21,,10,5,,12,23,2,1,2,,10,,2,1,,5,,79,10,1,1,2,,
2010-04-08,1025,225,996,384,26,64,20,32,25,56,,237,1,27,32,1,785,104,1,,327,,,,3,,,1,,586,65,,2138,490,,,,,,9,260,14,,,,61,,1378,1714,217,,11,,,31,259,287,,2,,21,,10,5,,12,24,2,1,2,,10,,2,1,,5,,81,10,1,1,2,,
2010-04-15,1047,233,1024,390,27,64,21,33,26,56,,242,1,28,33,1,798,107,1,,338,,,,3,,,1,,598,68,,2185,507,,,,,,9,263,14,,,,62,,1406,1751,221,,11,,,31,269,296,,2,,22,,10,5,,12,24,2,1,2,,10,,2,1,,5,,82,11,1,1,2,,
2010-04-22,1058,239,1044,392,28,64,22,34,27,57,,242,1,28,33,2,810,112,1,,346,,,,3,,,1,,608,70,,2233,520,,,,,,9,271,14,,,,63,,1433,1783,226,,11,,,32,274,305,,2,,23,,10,5,1,12,25,2,1,2,,10,,2,1,,5,,82,11,1,1,2,,
2010-04-29,1083,243,1069,398,29,65,22,36,27,59,,246,1,29,33,2,829,114,1,,357,,,,3,,,1,,627,72,,2283,540,,,,,,9,279,15,,,,64,,1466,1817,229,,11,,,32,284,311,,2,,23,,11,5,4,13,25,2,1,2,,10,1,3,1,,5,,85,11,1,1,2,,1
2010-05-06,1109,253,1116,406,29,66,24,38,28,61,,251,1,29,35,2,843,114,1,,366,,,,3,,,1,,642,74,,2336,562,,,,,,9,292,15,,,,66,,1499,1859,234,,11,,,33,288,318,,2,,23,,12,5,4,14,27,3,1,2,,11,1,3,1,,6,,89,13,1,1,2,,1
2010-05-13,1142,257,1144,411,29,69,25,40,29,63,,252,1,29,36,2,849,117,1,,375,,,,3,,,1,,657,76,,2386,575,,,,,,9,301,16,,,,66,,1524,1883,238,,11,,,33,296,323,,2,,23,,12,5,4,14,27,3,1,2,,11,1,4,1,,6,,89,13,1,1,2,,1
2010-05-20,1165,257,1172,420,29,71,26,41,30,63,,253,1,29,36,2,862,121,1,,380,,,,3,,,1,,676,77,,2443,596,,,,,,10,311,16,,,,66,,1549,1921,243,,11,,,33,299,331,,2,,23,,12,5,4,14,27,3,1,2,,11,2,4,1,,6,,90,13,1,1,2,,1
2010-05-27,1185,260,1207,428,30,74,26,41,30,65,,255,1,29,36,2,868,125,1,,383,,,,3,,,1,,689,81,,2500,616,,,,,,10,317,17,,,,68,,1578,1948,256,,13,,,33,305,340,,2,,23,,12,5,4,16,28,3,1,2,,12,2,4,1,,6,,91,13,1,1,2,,1
2010-06-03,1198,263,1245,442,31,78,29,41,32,65,,259,1,29,37,2,880,131,1,,388,,,,3,,,1,,705,84,,2551,625,,,,,,11,322,17,,,,69,,1619,1983,261,,13,,,33,309,347,,2,,23,,12,6,4,16,28,3,1,2,,13,2,4,1,,6,,94,13,1,1,2,,1
2010-06-10,1216,268,1281,449,31,78,31,43,33,66,,262,1,30,38,2,904,135,2,,395,,,,3,,,1,,720,85,,2599,645,,,,,,11,325,17,,,,69,,1651,2026,266,,13,,,33,312,356,,2,,23,,12,6,4,16,29,3,1,3,,13,2,4,1,,6,,95,13,1,1,2,,1
2010-06-17,1238,277,1323,461,34,81,32,43,33,71,,270,1,31,39,2,926,140,2,,404,,,,3,,,2,,737,86,,2654,664,,,,,,11,332,20,,,,74,,1674,2068,272,,13,,,33,315,358,,2,,23,,12,7,5,16,30,3,1,3,,13,2,4,1,,6,,95,14,1,2,2,,1
2010-06-24,1272,282,1343,468,34,84,33,45,34,71,,277,1,31,42,2,943,142,2,,414,,,,3,,,2,,752,87,,2710,685,,,,,,12,340,20,,,,74,,1720,2114,275,,14,,,33,325,360,,2,,23,,12,7,5,16,32,3,1,3,,13,2,4,1,,6,,97,14,1,2,3,,1
2010-07-01,1292,283,1372,474,35,88,35,47,36,71,,282,1,31,43,2,965,145,2,,425,,,,3,,,2,,760,88,,2787,709,,,,,,12,352,23,,,,76,,1749,2162,277,,14,,,34,332,366,,2,,23,,12,7,5,16,32,3,1,3,,13,2,5,1,,6,,98,14,1,2,3,,1
2010-07-08,1308,285,1398,483,36,91,36,48,36,72,,286,1,33,43,2,977,151,2,,435,,,,3,,,2,,766,88,,2853,739,,,,,,12,358,23,,,,76,,1779,2206,282,,14,,,34,337,371,,2,,25,,12,7,5,16,33,3,1,3,,13,2,6,1,,6,,102,15,1,2,3,,1
2010-07-15,1330,291,1428,491,36,93,38,49,37,72,,289,1,33,44,2,994,154,2,,444,,,,3,,,2,,780,90,,2929,772,,,,,,12,364,24,,,,76,,1809,2254,288,,14,,,34,341,376,,2,,26,,13,7,5,16,35,3,1,3,,14,3,6,1,,6,,105,15,1,2,3,,1
2010-07-22,1353,295,1460,498,36,93,38,53,38,74,,292,1,33,44,2,1006,155,2,,455,,,,3,,,2,,797,94,,3012,807,,,,,,12,372,25,,,,78,,1838,2297,295,,14,,,34,352,379,,2,,26,,13,7,5,16,35,3,1,3,,14,3,6,1,,6,,106,15,1,2,3,,1
2010-07-29,1370,298,1489,510,37,94,39,55,40,77,,295,1,34,44,2,1019,161,2,,467,,,,3,,,2,,811,96,,3067,831,,,,,,12,383,25,,,,80,,1869,2340,300,,15,,,34,359,383,,2,,26,,13,7,5,17,35,3,1,3,,15,3,6,1,,6,,107,15,1,2,3,,1
2010-08-05,1402,306,1522,517,38,94,39,55,41,78,,296,1,34,45,2,1036,164,2,,479,,,,3,,,2,,832,96,,3125,849,,,,,,13,394,25,,,,80,,1895,2389,303,,15,,,34,365,388,,2,,26,,13,7,5,17,36,3,2,3,,15,3,6,1,,6,,109,15,1,2,3,,1
2010-08-12,1422,314,1564,528,40,95,40,57,41,79,,305,1,34,46,2,1061,166,2,,492,,,,3,,,2,,849,96,,3188,871,,,,,,13,410,25,,,,81,,1922,2442,309,,17,,,34,370,399,,2,,27,,13,7,5,17,37,4,2,3,,16,3,7,1,,6,,110,15,1,2,3,,2
2010-08-19,1447,319,1622,539,41,97,43,59,43,81,,316,1,34,47,2,1077,172,4,,502,,,,3,,,2,,866,98,,3256,891,,,,,,14,420,25,,,,82,,1955,2484,315,,17,,,34,373,402,,2,,27,,13,7,5,18,37,4,2,3,,16,3,7,1,,6,,113,15,1,2,3,,2
2010-08-26,1467,325,1649,551,43,98,44,60,45,82,,320,1,34,47,2,1088,173,4,,510,,,,3,,,2,,884,98,,3331,922,,,,,,15,427,26,,,,82,,1984,2534,320,,17,,,34,376,412,,2,,27,,13,7,5,18,37,4,2,3,,16,3,7,1,1,6,,116,15,1,2,3,,2
2010-09-02,1489,329,1693,557,44,101,47,60,46,83,,327,1,34,48,2,1108,174,4,,517,,,,3,,,2,,898,98,,3399,950,,,,,,16,432,26,,1,,82,,2014,2585,324,,17,,,35,380,415,,2,,28,,14,7,5,18,37,4,2,4,,16,3,7,1,1,6,,117,15,1,2,3,,2
2010-09-09,1512,337,1727,567,44,102,48,62,46,87,,333,1,34,48,2,1120,176,4,,527,,,,3,,,2,,912,102,,3468,975,,,,,,18,440,26,,1,,85,,2051,2627,326,,17,,,37,391,423,,2,,30,,14,7,5,18,37,4,2,4,,16,3,8,1,1,6,,118,15,1,2,3,,2
2010-09-16,1535,343,1771,575,45,105,50,64,47,91,,338,1,36,50,2,1136,176,4,,534,,,,3,,,2,,927,105,,3548,1006,,,,,,19,453,26,,1,,85,,2086,2678,330,,17,,,37,396,429,,2,,30,,14,7,5,18,37,4,2,5,,16,3,8,1,1,6,,120,15,1,2,3,,2
2010-09-23,1568,347,1808,580,47,109,52,68,47,92,,342,1,36,50,2,1147,180,4,,542,,,,3,,,2,,940,108,,3629,1039,,,,,,20,468,26,,1,,89,,2130,2722,334,,17,,,37,404,438,,2,,30,,14,8,5,18,37,4,2,5,,16,3,8,1,1,6,,121,15,1,2,3,,2
2010-09-30,1589,356,1853,582,50,113,53,69,49,94,,348,1,36,52,2,1161,186,4,,553,,,1,3,,,3,,950,111,,3692,1064,,,,,,20,486,26,,1,,90,,2157,2767,341,,17,,,38,411,444,,2,,30,,16,8,5,18,38,4,2,5,,16,3,8,1,1,7,,123,15,1,2,3,,2
2010-10-07,1610,367,1894,587,52,115,55,70,51,94,,350,1,36,53,2,1178,187,4,,561,,,1,4,,,3,,963,116,,3742,1083,,,,,,20,502,26,,1,,92,,2206,2815,346,,17,,,38,419,448,,2,,30,,16,8,5,18,39,4,2,5,,16,3,8,1,1,7,,126,15,1,2,3,,2
2010-10-14,1641,372,1926,596,54,117,57,70,53,95,,359,1,37,55,2,1193,189,5,,573,,,1,4,,,3,,978,121,,3818,1113,,,,,,21,520,26,,1,,94,,2238,2870,353,,18,,,38,425,456,,2,,31,,16,8,5,18,39,4,2,5,,16,3,9,1,1,7,,128,15,1,3,3,,2
2010-10-21,1672,378,1965,608,58,121,60,71,54,95,,363,1,37,55,2,1210,194,5,,583,,,1,4,,,3,,991,121,,3880,1139,,,,,,21,534,26,,1,,96,,2266,2935,360,,18,,,39,430,457,,2,,32,,16,8,5,18,39,4,2,6,,16,3,11,1,1,7,,130,16,1,3,3,,2
2010-10-28,1693,383,2013,621,60,126,60,73,56,98,,367,1,37,55,2,1230,198,5,,591,,,1,4,,,3,,1005,125,,3969,1176,,,,,,21,544,27,,1,,100,,2300,2998,368,,18,,,39,442,461,,2,,32,,16,8,5,19,40,4,2,6,,16,3,11,1,1,7,,133,16,1,3,3,,2
2010-11-04,1722,393,2053,632,61,129,60,74,56,104,,376,1,37,56,2,1245,200,6,,606,,,1,4,,,3,,1021,125,,4045,1211,,,,,,23,554,28,,1,,102,,2338,3048,375,,19,,,40,452,468,,2,,33,,16,8,5,19,40,4,2,6,,16,3,11,1,1,7,,134,16,1,3,3,,2
2010-11-11,1748,400,2097,651,64,133,61,74,57,110,,380,1,37,56,2,1259,203,6,,614,,,1,4,,,3,,1031,126,,4134,1259,,,,,,24,564,28,,1,,106,,2384,3101,380,,19,,,41,456,473,,2,,34,,16,8,5,20,44,4,2,7,,18,3,11,1,1,7,,138,16,1,4,3,,2
2010-11-18,1771,404,2149,664,65,137,63,75,58,112,,384,1,38,56,2,1278,205,6,,627,,,1,4,,,3,,1054,128,,4219,1298,,,,,,24,576,29,,1,,106,,2434,3151,395,,19,,,41,463,476,,2,,34,,16,9,5,21,45,4,2,8,,18,3,11,1,1,7,,139,16,1,4,3,,2
2010-11-25,1795,410,2198,677,68,140,68,75,59,116,,388,1,39,57,2,1294,213,6,,637,,,1,4,,,3,,1078,131,,4326,1334,,,,,,25,583,30,,1,,107,,2485,3213,405,,19,,,41,472,482,,2,,35,,16,9,6,21,46,4,2,8,,18,3,11,1,1,8,,140,16,1,4,5,,2
2010-12-02,1827,420,2235,693,71,144,68,76,60,118,,395,1,39,57,2,1308,215,6,,649,,,1,4,,,3,,1088,133,,4442,1375,,,,,,25,593,30,,2,,107,,2524,3286,416,,19,,,41,477,485,,2,,35,,16,9,6,21,46,5,2,8,,18,3,12,1,1,8,,145,17,1,4,5,,2
2010-12-09,1863,434,2289,706,71,147,73,79,61,120,,399,1,40,57,2,1331,218,6,,667,,,1,4,,,3,,1105,133,,4538,1419,,,,,,25,602,31,,2,,109,,2569,3356,421,,19,,,41,485,491,,2,,36,,17,10,6,21,46,5,2,8,,18,3,13,1,1,8,,146,17,1,4,5,,2
2010-12-16,1884,444,2333,714,72,149,76,79,62,126,,405,1,40,57,2,1347,228,6,,678,,,1,4,,,3,,1119,135,,4645,1467,,,,,,26,614,31,,2,,112,,2615,3425,426,,20,,,42,490,500,,2,,36,,17,10,6,21,46,5,2,8,,18,3,14,1,1,8,,150,19,1,4,5,,2
2010-12-23,1908,452,2366,722,72,151,78,79,62,127,,410,1,41,57,2,1372,236,6,,688,,,1,4,,,3,,1132,137,,4718,1499,,,,,,26,621,31,,2,,113,,2643,3479,428,,20,,,42,494,508,,2,,37,,17,10,6,22,47,5,2,8,,18,3,17,1,1,8,,156,19,1,4,5,,2
2010-12-30,1923,458,2397,731,73,155,79,81,63,130,,414,1,42,58,2,1379,240,7,,696,,,1,4,,,3,,1136,139,,4777,1517,,,,,,26,632,31,,2,,113,,2670,3512,438,,20,,,42,499,511,,2,,37,,17,10,6,22,48,5,2,8,,18,3,17,1,1,8,,160,19,1,4,5,,2
2011-01-06,1939,464,2432,745,73,158,79,83,64,132,,419,1,42,59,2,1398,247,7,,707,,,1,4,,,3,,1144,140,,4858,1543,,,,,,26,640,32,,2,,117,,2701,3547,440,,20,,,42,505,514,,2,,38,,17,10,6,22,49,5,2,8,,18,3,17,1,1,8,,163,20,1,4,5,,2
2011-01-13,1967,467,2483,753,74,160,82,84,65,141,,423,1,42,59,2,1420,250,7,,718,,,1,4,,,4,,1157,141,,4953,1588,,,,,,26,655,32,,2,,118,,2757,3616,447,,20,,,42,515,525,,2,,38,,18,10,6,22,49,5,2,8,,18,3,18,1,1,8,,165,20,1,4,5,,2
2011-01-20,1998,483,2527,767,78,161,82,88,68,146,,426,1,42,59,2,1436,257,7,,734,,,1,4,,,4,,1172,142,,5049,1625,,,,,,27,665,33,,2,,121,,2817,3691,459,,20,,,42,521,532,,2,,39,,18,10,7,22,50,6,2,8,,18,3,19,1,1,8,,174,20,2,4,6,,2
2011-01-27,2030,500,2572,770,78,161,84,89,68,149,,429,1,42,60,2,1464,264,8,,743,,,1,4,,,4,,1188,142,,5137,1667,,,,,,28,678,34,,3,,123,,2863,3753,467,,20,,,42,530,543,,2,,41,,18,10,7,22,51,7,2,8,,19,3,20,1,1,8,,176,20,2,4,6,,3
2011-02-03,2061,509,2626,785,79,167,88,90,70,151,,444,1,46,61,2,1497,268,8,,758,,,1,4,,,4,,1202,146,,5226,1722,,,,,,28,689,34,,4,,125,,2915,3820,475,,20,,,42,535,551,,2,,41,,18,11,7,22,51,8,2,9,,19,3,21,1,1,8,,179,22,2,4,6,,3
2011-02-10,2087,516,2667,794,81,173,90,92,70,152,,457,1,46,63,2,1515,275,8,,768,,,1,4,,,4,,1225,147,,5332,1773,,,,,,30,709,36,,4,,127,,2964,3906,485,,20,,,42,546,559,,2,,42,,18,11,8,22,52,8,2,9,,22,3,21,1,1,8,,182,22,3,4,6,,3
2011-02-17,2127,529,2716,808,81,178,92,93,72,154,,466,1,46,63,2,1541,282,8,,779,,,1,4,,,4,,1250,149,,5439,1823,,,,,,32,727,36,,4,,130,,3028,3994,496,,20,,,42,559,573,,2,,44,,18,11,10,22,53,8,2,9,,25,3,22,1,1,8,,187,23,3,4,6,,3
2011-02-24,2169,538,2773,824,83,185,94,96,74,159,,478,1,48,65,2,1566,286,8,,793,,,1,4,,,4,,1265,154,,5574,1880,,,,,,36,753,37,,4,,131,,3083,4093,510,,20,,,43,563,582,,2,,44,,20,11,11,22,54,8,3,9,,25,3,23,1,1,8,,192,23,3,5,6,,3
2011-03-03,2231,545,2830,842,84,186,94,97,74,166,,485,1,49,65,2,1591,288,8,,809,1,,1,4,,,6,,1286,159,,5713,1940,,,,,,37,769,38,,4,,137,,3146,4185,523,,23,,,45,573,595,,2,,45,,22,11,13,22,56,8,3,9,,26,3,23,1,2,8,,198,23,3,7,6,,4
2011-03-10,2265,549,2873,854,85,187,98,98,76,168,,490,1,50,65,2,1611,294,9,,826,1,,1,4,,,6,,1308,164,,5830,1993,,,,,,43,793,39,,4,,140,,3208,4285,528,,23,,,45,581,606,,2,,45,,22,11,13,24,56,9,3,9,,28,3,23,1,3,8,,203,23,3,7,7,,4
2011-03-17,2299,559,2930,864,88,188,102,101,78,170,,497,1,51,65,3,1633,299,9,,847,1,,1,5,,,6,,1331,166,,5971,2050,,,,,,46,808,39,,4,,145,,3275,4371,547,,23,,,46,586,612,,2,,46,,23,11,13,25,56,9,3,9,,28,3,25,1,3,9,,207,25,3,8,7,,5
2011-03-24,2318,565,2986,875,91,191,105,104,78,172,,508,1,51,66,3,1653,302,9,,860,1,,1,5,,,6,,1346,170,,6107,2099,,,,,,47,834,40,,4,,146,,3341,4437,558,,23,,,47,591,618,,2,,46,,23,11,13,26,57,9,3,9,,29,3,25,1,3,9,,209,25,3,8,7,,5
2011-03-31,2342,571,3029,891,96,194,109,108,80,173,,512,1,51,68,3,1672,305,9,,881,1,,1,5,,,7,,1370,172,,6256,2159,,,,,,47,875,42,,4,,151,,3379,4532,570,,23,,,48,598,623,,2,,46,,26,11,13,26,57,9,3,9,,29,3,25,1,3,9,,213,25,4,9,7,,5
2011-04-07,2389,577,3074,900,97,198,111,108,80,175,,517,1,51,68,3,1696,310,9,,909,1,,1,5,,,7,,1408,175,,6374,2199,,,,,,49,890,42,,5,,152,,3453,4628,573,,23,,,48,607,633,,2,,48,,26,12,15,26,58,9,3,9,,29,4,25,1,3,9,,218,25,4,9,7,,6
2011-04-14,2422,595,3112,917,101,202,118,110,84,180,,522,1,52,69,3,1712,315,9,,922,1,,1,5,,,7,,1434,176,,6507,2237,,,,,,51,905,44,,5,,157,,3523,4700,584,,23,,,48,622,640,,2,,50,,26,12,15,26,58,9,3,9,,30,4,25,1,3,9,,221,29,5,9,7,,6
2011-04-21,2471,612,3153,931,110,207,121,114,87,183,,527,1,52,69,3,1729,320,10,,934,1,,1,6,,,8,,1460,181,,6631,2289,,,,,1,53,924,44,,5,,161,,3595,4804,593,,23,,,48,636,651,,2,,52,,26,12,15,27,58,9,3,9,,32,4,25,1,3,9,,225,30,5,9,7,,7
2011-04-28,2510,622,3186,938,114,214,123,115,91,184,,535,1,52,69,3,1750,323,10,,953,1,,1,6,,,8,,1475,185,,6730,2329,,,,,1,53,936,44,,5,,164,,3654,4878,602,,23,,,49,641,659,,2,,52,,26,13,15,28,62,9,3,9,,32,4,25,1,3,9,,227,30,5,9,7,,8
2011-05-05,2540,632,3240,950,117,215,124,116,94,187,,542,1,53,70,3,1770,331,10,,970,1,,1,6,,,8,,1493,191,,6846,2379,,,,,3,53,951,44,,5,,167,,3714,4979,604,,23,,,49,651,667,,2,,53,,27,13,15,28,64,9,3,9,,32,4,26,1,3,9,,228,31,5,9,8,,8
2011-05-12,2581,647,3283,961,122,221,132,117,99,189,,548,1,53,70,3,1791,347,10,,989,1,,1,7,,,8,,1512,195,,6954,2426,,,,,3,56,963,45,,5,,170,,3775,5079,613,,24,,,49,665,674,,2,,54,,27,14,15,28,64,10,3,9,,33,4,28,1,3,9,,233,31,5,9,8,,9
2011-05-19,2606,657,3333,975,127,226,139,120,104,194,,556,1,58,72,3,1821,351,10,,1008,1,,1,7,,,8,,1546,200,,7065,2481,,,,,4,58,975,47,,5,,171,,3828,5164,620,,24,,,49,676,685,,2,,55,,28,14,15,28,65,11,3,9,,34,4,28,1,4,10,,237,31,6,9,8,,9
2011-05-26,2644,667,3366,997,129,228,140,122,106,200,,567,1,58,75,3,1843,364,10,,1026,1,,2,7,,,8,,1575,208,,7175,2522,,,,,4,65,998,47,,5,,175,,3870,5231,630,,24,,,49,687,692,,2,,55,,30,14,16,28,66,11,3,9,,34,4,30,2,4,10,,239,32,6,9,8,,11
2011-06-02,2684,683,3413,1010,130,233,145,124,108,203,,571,1,58,77,3,1873,372,10,,1040,1,,2,7,,,8,,1593,210,,7290,2564,,,,,4,68,1018,47,,5,,177,,3914,5311,633,,24,,,49,693,708,,2,,56,,30,14,16,30,67,11,3,9,,34,5,33,2,4,10,,242,33,6,9,9,,11
2011-06-09,2726,699,3458,1018,132,237,149,126,109,209,,582,1,59,79,3,1893,375,10,,1056,1,,3,7,,,8,,1617,218,,7395,2596,,,,,4,68,1037,47,,5,,181,,3963,5375,646,,24,,,49,699,715,,3,,56,,30,14,16,30,67,11,3,9,,36,5,33,3,4,10,,244,33,6,9,9,,11
2011-06-16,2762,706,3500,1029,139,244,154,128,110,210,,587,1,60,81,3,1919,388,10,,1069,1,,3,7,,,8,,1637,225,,7509,2627,,,,,7,68,1057,47,,5,,184,,4025,5459,656,,24,,,49,707,724,,3,,57,,30,14,17,30,68,12,3,9,,37,5,34,3,4,10,,252,33,6,10,9,,11
2011-06-23,2802,720,3542,1042,143,245,164,131,110,215,,594,1,60,82,3,1939,396,10,,1090,1,,3,7,,,9,,1662,227,,7643,2662,,,,,9,73,1086,47,,6,,187,,4087,5535,667,,25,,,49,715,732,,3,,58,,31,15,17,30,69,12,3,9,,37,5,34,3,4,10,,257,34,6,10,9,,11
2011-06-30,2840,734,3573,1055,145,248,166,134,112,219,,610,1,61,85,3,1958,399,10,,1114,1,,3,7,,,9,,1680,231,,7747,2697,,,,,10,73,1102,51,,7,,189,,4149,5622,680,,26,,,49,720,745,,3,,60,,31,15,17,30,69,12,3,9,,38,5,34,3,4,10,,261,35,6,10,9,,11
2011-07-07,2876,740,3619,1069,146,253,169,135,114,220,,616,1,61,85,3,1982,400,10,,1129,1,,3,7,,,9,,1709,234,,7850,2740,,,,,12,75,1120,53,,7,,191,,4195,5698,683,,27,,,49,723,757,,3,,61,,31,15,17,30,70,12,3,9,,38,5,34,3,4,10,,265,36,6,10,9,,11
2011-07-14,2913,753,3667,1083,150,255,172,137,117,222,,626,1,63,87,4,1999,411,11,,1151,1,,3,7,,,9,,1742,237,,7989,2783,,,,,12,76,1136,53,,7,,192,,4257,5803,690,,27,,,49,734,773,,3,,61,,31,15,17,30,71,12,3,10,,38,5,37,3,4,11,,267,37,6,10,9,,11
2011-07-21,2947,770,3709,1101,152,258,176,138,120,223,,638,1,63,90,4,2019,425,13,,1167,1,,3,7,,,9,,1764,238,,8107,2824,,,,,12,77,1152,55,,7,1,196,,4315,5864,702,,28,,,49,743,779,,3,,61,,31,16,17,31,71,12,3,10,,38,5,41,3,4,12,,270,37,6,10,9,,11
2011-07-28,2975,781,3761,1115,155,262,177,139,121,226,,646,1,64,92,4,2038,433,14,,1181,1,,3,7,,,9,,1778,241,,8225,2863,,,,,14,82,1171,57,,7,1,196,,4365,5941,714,,28,,,49,757,792,,3,1,63,1,31,17,17,31,72,12,3,10,,38,5,41,3,4,12,,276,37,6,11,9,,11
2011-08-04,3011,799,3812,1124,160,270,180,140,121,230,,658,1,64,92,4,2061,444,16,,1195,1,,3,7,,,9,,1804,243,,8340,2912,,,,,17,84,1190,58,,8,1,201,,4412,6039,723,,28,,,49,765,803,,3,1,64,1,31,19,18,31,73,12,3,10,,39,5,44,3,4,13,,279,37,6,11,9,,11
2011-08-11,3048,809,3862,1139,166,276,182,140,125,236,,665,1,65,93,4,2084,448,16,,1212,1,,3,7,,,9,,1833,250,,8468,2969,,,,,18,85,1209,60,,9,1,205,,4479,6110,732,,31,,,50,781,816,,3,1,64,1,31,20,18,31,73,12,3,10,,39,5,44,3,4,14,,284,37,6,11,10,,11
2011-08-18,3089,821,3906,1154,170,281,185,140,127,239,,673,1,65,93,4,2108,451,16,,1230,1,,3,7,,,9,,1846,253,,8589,3022,,,,,19,90,1229,61,,9,1,208,,4530,6193,744,,31,,,51,791,822,,3,1,64,1,31,20,18,32,73,13,3,10,,40,5,44,3,4,15,,286,37,6,11,10,,11
2011-08-25,3137,839,3949,1167,176,285,189,141,132,242,,683,1,67,94,4,2133,459,16,,1244,1,,3,7,,,9,,1866,260,,8725,3076,,,,,20,95,1241,62,,9,1,213,,4587,6288,757,,31,,,52,798,834,,3,1,64,1,31,21,19,32,75,13,3,10,,40,5,44,3,4,15,,291,37,6,11,10,,11
2011-09-01,3187,853,4006,1179,180,291,192,148,135,245,,700,1,70,96,4,2160,464,16,,1263,1,,3,7,,,10,,1886,263,,8842,3115,,,,,21,97,1256,62,,9,1,218,,4642,6345,775,,32,,,52,809,841,,3,1,65,1,31,21,19,32,76,13,3,10,,43,5,47,3,4,15,,296,37,6,11,10,,11
2011-09-08,3229,864,4053,1193,182,295,196,149,137,250,,713,1,70,97,4,2183,470,16,,1291,2,,3,7,,,10,,1914,270,,8979,3171,,,,,24,101,1284,63,,9,1,224,,4683,6416,781,,32,,,53,818,851,,3,1,66,1,31,21,20,32,76,13,3,10,,43,5,47,3,4,15,,299,37,6,11,10,,11
2011-09-15,3284,883,4085,1206,184,297,201,152,138,252,,728,1,70,98,4,2216,481,18,,1303,3,,3,7,,,10,,1947,273,,9130,3219,,,,,25,103,1312,64,,9,1,228,,4749,6493,796,,32,,,53,826,862,,3,1,69,1,31,21,20,32,76,13,3,10,,43,5,48,3,4,16,1,302,37,6,11,10,,11
2011-09-22,3324,896,4141,1218,187,299,205,155,140,260,,744,1,72,99,4,2230,492,19,,1322,3,,3,7,,,10,,1970,280,,9292,3269,,,,,25,105,1328,66,,11,1,234,,4803,6580,805,,32,,,54,834,872,,3,1,72,1,31,21,21,33,77,13,3,11,,44,5,48,3,4,16,1,307,39,7,11,10,,11
2011-09-29,3358,912,4190,1240,188,305,212,158,141,263,,757,1,73,99,4,2252,499,20,,1344,4,,3,7,,,10,,1992,283,,9441,3323,,,,,25,107,1352,67,,11,1,238,,4871,6671,817,,33,,,54,841,886,,3,1,72,1,31,22,22,33,77,13,3,11,,44,5,50,3,4,16,1,307,40,7,11,10,,11
2011-10-06,3379,926,4244,1258,190,312,214,161,143,263,,771,1,75,102,4,2284,508,20,,1374,4,,3,7,,,10,,2007,287,,9566,3372,,,,,26,111,1365,68,,15,1,243,,4918,6746,826,,33,,,54,856,896,,3,1,73,1,31,23,23,33,77,13,3,11,,44,5,50,3,4,16,1,308,40,7,11,10,,11
2011-10-13,3427,942,4296,1274,192,315,216,161,147,266,,781,1,76,103,4,2305,515,20,,1391,4,,3,7,,,10,,2036,291,,9709,3410,,,,,27,114,1386,68,,16,1,245,,4985,6803,837,,33,,,54,863,909,,3,1,74,1,31,23,23,33,78,13,3,11,,45,5,50,3,4,16,1,310,40,7,11,10,,11
2011-10-20,3467,955,4349,1287,193,325,220,162,149,267,,788,1,76,104,4,2324,530,20,,1401,4,,3,7,,,10,,2061,292,,9890,3464,,,,,28,119,1409,70,,18,1,250,,5045,6862,846,,34,,,54,867,926,,3,1,76,1,32,23,23,33,78,13,3,11,,45,5,50,3,4,16,1,311,41,7,11,10,,11
2011-10-27,3509,968,4403,1308,194,341,224,162,152,273,,796,1,77,104,4,2346,539,20,,1414,4,1,3,7,,,10,,2089,297,,10020,3514,,,,,30,127,1431,71,,21,2,255,,5101,6921,858,,34,,,54,876,933,,3,1,76,1,32,23,23,33,78,13,3,11,,45,5,50,3,4,16,1,316,41,7,11,10,,11
2011-11-03,3560,985,4454,1315,200,350,230,164,154,274,,804,1,78,105,4,2359,549,20,,1430,4,1,3,7,,,10,,2113,305,,10167,3562,,,,,31,132,1453,71,,22,2,257,,5167,6979,872,,34,,,55,886,942,,3,1,77,1,32,23,23,33,78,13,3,11,,45,5,50,3,4,17,1,318,42,7,11,10,,11
2011-11-10,3607,1002,4503,1337,205,355,236,165,157,278,,815,1,78,108,4,2374,563,21,,1454,4,1,3,7,,,10,,2143,309,,10297,3613,,,,,35,133,1473,72,,22,2,259,,5230,7061,885,,34,,,56,895,947,,3,1,77,1,32,23,23,33,78,13,3,11,,45,6,50,3,4,18,1,319,44,7,11,10,,12
2011-11-17,3652,1020,4550,1353,208,359,241,165,162,279,,822,1,78,110,4,2395,570,21,,1475,4,1,3,7,,,10,,2179,312,,10470,3671,,,,,40,139,1494,74,,22,2,259,,5306,7122,898,,34,,,57,905,957,,4,1,78,1,33,23,23,33,78,13,3,11,,46,7,51,3,4,18,1,319,44,8,11,10,,12
2011-11-24,3702,1041,4600,1371,208,371,246,165,162,285,,829,1,79,112,4,2426,580,22,,1500,5,1,3,7,,,11,,2211,319,,10630,3722,,,,,41,141,1519,75,,23,2,263,,5364,7197,906,,35,,,57,926,969,,4,1,78,1,33,23,23,33,78,13,3,11,,46,7,51,3,4,18,1,321,45,8,11,10,,12
2011-12-01,3741,1055,4655,1390,214,376,251,168,164,289,,835,1,80,113,4,2448,592,22,,1514,5,1,3,7,,,11,,2242,322,,10774,3767,,,,,42,143,1542,75,,24,3,265,,5421,7288,918,,36,,,57,936,987,,4,1,79,1,33,23,23,34,79,13,3,11,,46,7,55,3,6,19,1,323,45,8,11,10,,13
2011-12-08,3790,1067,4709,1415,217,380,253,168,166,292,,846,1,82,116,5,2462,604,22,,1527,5,1,4,7,,,11,,2266,325,,10913,3809,,,,,43,146,1563,76,,25,3,268,,5480,7368,924,,37,,,58,942,996,,4,1,80,1,33,25,23,34,79,13,3,11,,46,7,56,3,6,19,1,323,47,8,11,11,,13
2011-12-15,3833,1092,4783,1430,221,389,259,170,169,294,,855,1,83,116,5,2489,614,22,,1547,5,1,4,7,,,11,,2296,329,,11056,3854,,,,,44,147,1594,76,,28,4,270,,5563,7446,936,,39,,,58,953,1007,,4,1,80,1,34,25,23,34,80,13,3,11,,46,8,56,3,6,19,1,323,48,8,11,11,,13
2011-12-22,3876,1104,4836,1447,222,393,261,172,169,298,,867,1,85,117,6,2512,624,22,,1565,5,1,5,9,,,11,,2338,332,,11216,3900,,,,,44,155,1619,76,,30,4,271,,5633,7525,953,,39,,,58,963,1018,,4,1,81,1,35,25,23,34,82,13,3,11,,47,8,57,3,6,19,1,324,48,9,11,11,,13
2011-12-29,3906,1112,4878,1462,227,401,271,174,173,304,,873,1,85,117,6,2537,627,22,,1578,5,1,5,9,,,11,,2359,334,,11340,3947,,,,,48,158,1641,77,,31,4,273,,5671,7580,961,,39,,,58,969,1026,,4,1,81,1,35,25,23,34,83,13,4,11,,47,8,58,3,6,19,1,326,48,9,11,12,,13
2012-01-05,3933,1128,4924,1483,232,403,272,176,177,307,,876,1,85,118,6,2557,633,22,,1598,5,1,5,9,,,11,,2370,337,,11470,3996,,,,,49,159,1662,77,,32,4,274,,5712,7664,972,,41,,,58,973,1036,,4,1,81,2,36,25,23,35,84,13,4,11,,47,8,58,3,6,19,1,330,48,9,11,12,,13
2012-01-12,3971,1147,4988,1495,238,407,281,179,180,314,,889,1,86,121,6,2591,641,22,,1614,5,1,5,9,,,11,,2402,347,,11629,4057,,,,,55,165,1689,78,,33,4,276,,5781,7746,986,,43,,,58,990,1050,,4,1,81,2,36,25,24,35,84,13,4,11,,47,8,58,3,6,19,1,335,48,9,11,12,,15
2012-01-19,4005,1165,5040,1507,244,416,283,180,180,319,,899,1,87,126,6,2617,653,22,,1640,5,1,5,9,,,11,,2425,352,,11793,4108,,,,,55,167,1715,80,,33,5,279,,5844,7845,995,,43,,,58,1002,1062,,4,1,81,3,36,25,24,35,85,13,4,11,,47,8,58,3,6,19,1,340,48,10,11,12,,15
2012-01-26,4039,1181,5106,1524,251,422,290,180,185,325,,908,1,87,129,6,2650,669,23,,1654,6,1,5,9,,,11,,2461,354,,11994,4197,,,,,59,172,1740,81,,35,5,284,,5920,7922,1007,,43,,,58,1012,1082,,4,1,81,3,36,25,24,35,85,13,4,11,,47,8,58,3,6,20,1,345,49,10,11,12,,16
2012-02-02,4085,1200,5155,1538,255,427,298,182,187,329,,917,1,92,131,6,2671,686,25,,1675,6,1,5,10,,,11,,2495,364,,12153,4266,,,,,61,178,1761,83,,36,5,287,,5981,8002,1022,,43,,,58,1021,1098,,4,1,82,3,36,25,24,35,85,13,4,11,,48,9,60,3,6,20,1,346,49,10,11,12,,16
2012-02-09,4131,1217,5233,1561,258,435,305,185,190,335,,929,2,92,133,6,2697,700,25,,1689,6,1,5,10,,,12,,2534,373,,12347,4347,,,,,63,187,1783,85,,36,5,287,,6064,8083,1042,,43,,,58,1031,1109,,4,1,82,3,36,25,24,37,86,13,4,11,,48,9,60,3,6,21,1,351,49,10,11,12,,16
2012-02-16,4183,1240,5294,1579,262,444,311,188,192,342,,940,2,95,133,6,2730,711,25,,1714,6,1,5,10,,,12,,2570,378,,12550,4422,,,,,69,192,1827,89,,37,5,289,,6143,8198,1066,,43,,,59,1045,1116,,4,1,82,3,37,25,24,37,86,13,4,11,,49,9,61,3,6,21,1,357,51,10,11,12,,17
2012-02-23,4223,1250,5335,1598,267,450,318,189,198,350,,956,2,98,133,6,2758,728,26,,1732,6,1,5,10,,,13,,2604,384,,12740,4484,,,,,71,196,1861,91,,39,5,294,,6218,8295,1088,,43,,,59,1058,1136,,4,1,82,3,37,25,24,37,86,13,4,11,,50,10,61,3,6,21,1,363,52,11,11,12,,18
2012-03-01,4254,1275,5397,1617,271,458,323,193,202,356,,969,2,98,135,6,2794,735,29,,1754,6,2,5,10,,,13,,2644,387,,12921,4549,,,,,72,201,1878,93,,39,6,298,,6297,8420,1096,1,44,,,59,1071,1151,,4,1,82,3,38,25,24,37,87,13,4,11,,50,10,61,3,6,21,1,366,53,11,11,12,,19
2012-03-08,4293,1293,5456,1636,276,470,328,196,206,364,,986,2,104,136,6,2825,755,30,,1774,8,2,6,10,,,13,,2676,393,,13122,4623,,,,,78,207,1898,98,,39,6,302,,6384,8540,1115,1,45,,,59,1075,1169,,4,1,82,3,38,25,24,37,87,13,4,11,,50,10,63,3,6,21,1,371,53,11,11,12,,19
2012-03-15,4332,1307,5518,1656,282,475,334,198,210,370,,995,2,106,136,6,2852,778,31,,1788,8,2,6,10,,,13,,2722,398,,13296,4698,,,,,80,211,1917,100,,41,6,304,,6459,8650,1136,1,46,,,59,1081,1189,,4,1,82,3,38,25,24,38,87,13,4,11,,50,10,68,3,6,22,1,373,54,11,12,12,,20
2012-03-22,4378,1323,5587,1672,289,481,339,201,215,372,,1013,2,109,138,6,2887,795,32,,1804,8,2,6,10,,,13,,2758,409,,13469,4762,,,,,85,214,1954,102,,43,7,306,,6544,8748,1156,3,46,,,60,1094,1208,,4,1,83,3,38,25,24,38,88,13,4,11,,53,10,69,3,6,23,1,374,55,11,12,12,,20
2012-03-29,4428,1345,5653,1690,294,492,347,202,225,372,,1031,2,114,142,6,2913,803,34,,1832,9,2,6,10,,,14,,2796,421,,13668,4831,,,,,87,215,1986,102,,43,7,311,,6628,8842,1164,3,46,,,60,1112,1222,,4,1,83,3,38,26,24,39,92,13,4,11,,53,10,71,3,6,23,1,376,55,11,13,12,,20
2012-04-05,4474,1359,5720,1716,300,502,349,206,235,379,,1043,2,115,143,6,2950,817,36,,1852,9,2,6,10,,,14,,2821,427,,13817,4904,,,,,91,217,2004,103,,45,7,315,,6714,8942,1170,3,47,,,60,1124,1232,,4,1,83,3,38,26,24,40,93,13,4,11,,53,10,72,3,6,23,1,382,55,11,13,12,,22
2012-04-12,4511,1374,5787,1728,304,507,354,211,240,386,,1054,2,116,143,6,2982,828,36,,1871,9,3,6,10,,,14,,2859,434,,13999,4972,,,,,94,223,2031,105,,46,7,318,,6801,9042,1179,3,47,,,60,1133,1241,,4,1,83,3,38,26,24,40,93,13,4,12,,54,10,72,3,6,23,1,386,55,11,13,12,,22
2012-04-19,4566,1399,5872,1738,308,519,362,213,246,390,,1080,2,119,147,6,3016,843,38,,1893,11,4,6,10,,,17,,2897,441,,14175,5030,,,,,96,225,2048,107,,46,7,322,,6877,9164,1195,3,47,,,60,1141,1252,,4,1,83,3,38,28,24,40,95,13,4,12,,55,10,72,3,6,23,1,390,55,11,13,12,,24
2012-04-26,4608,1417,5940,1752,309,530,369,214,247,394,,1098,2,120,150,6,3053,865,40,,1917,11,5,6,10,,,17,,2939,447,,14382,5098,,,,,103,230,2077,109,,47,7,324,,6961,9296,1212,3,47,,,60,1147,1269,,4,1,83,3,38,28,24,40,95,13,4,12,,55,10,72,3,6,23,1,395,55,11,13,12,1,24
2012-05-03,4649,1442,6014,1765,313,537,373,216,250,395,,1117,2,121,152,7,3088,877,40,,1941,12,5,6,10,,,17,,2974,452,,14557,5176,,,,,111,233,2104,113,,52,7,327,,7055,9415,1226,3,49,,,60,1167,1279,,4,1,83,3,38,28,24,40,96,14,4,12,,56,10,72,3,6,23,1,398,56,12,13,12,1,24
2012-05-10,4688,1459,6085,1784,320,542,377,217,255,402,,1132,2,121,153,7,3118,891,40,,1961,12,5,6,10,,,17,,3000,455,,14727,5251,,,,,114,235,2129,117,,53,7,330,,7138,9558,1245,3,49,,,61,1175,1296,,4,1,84,3,38,29,24,40,99,14,4,12,,56,10,74,3,6,24,1,401,56,12,13,12,1,24
2012-05-17,4740,1481,6175,1798,324,549,383,221,260,408,,1148,2,122,155,7,3159,903,43,,1982,13,5,6,10,,,17,,3037,461,,14916,5328,,,,,122,238,2163,119,,53,7,333,,7211,9678,1262,3,49,,,61,1192,1319,,4,1,84,3,38,29,24,41,99,14,4,12,,56,10,75,3,6,24,1,405,56,12,13,13,1,25
2012-05-24,4791,1498,6245,1819,326,554,386,224,262,415,,1172,2,124,156,7,3182,908,43,,2008,14,5,6,10,,,17,,3076,472,,15087,5382,,,,,124,241,2189,123,,53,8,334,,7288,9787,1282,3,50,,,62,1199,1336,,4,1,85,3,38,29,25,42,100,15,4,12,,57,10,77,3,6,24,1,412,56,12,13,13,1,25
2012-05-31,4829,1512,6325,1832,328,562,392,227,267,420,,1185,2,125,157,7,3209,922,43,,2026,14,5,6,10,,1,18,,3115,478,,15299,5462,,,,,128,243,2214,123,,53,9,338,,7379,9900,1306,3,50,,,62,1205,1345,,4,1,86,4,38,29,26,42,102,15,4,12,,57,11,79,3,7,24,1,417,57,15,13,13,1,26
2012-06-07,4883,1527,6387,1846,334,568,400,230,269,428,,1207,2,125,157,7,3242,944,45,,2052,15,5,6,10,,2,18,,3147,480,,15480,5539,,,,,130,245,2240,127,,55,9,340,,7475,10001,1322,3,51,,,62,1217,1365,,4,1,86,4,38,29,26,43,105,15,4,12,,57,11,79,4,7,24,1,422,58,15,14,13,1,26
2012-06-14,4927,1547,6455,1859,337,578,403,232,273,432,,1229,2,128,160,7,3271,949,46,,2078,15,5,6,10,,2,18,,3175,490,,15681,5607,,,,,132,249,2268,133,,57,9,342,,7581,10103,1337,3,51,,,62,1224,1372,,4,1,86,4,38,29,27,43,106,15,4,12,,57,13,80,5,7,24,1,425,58,15,14,13,2,26
2012-06-21,4967,1559,6527,1875,340,584,413,236,280,439,,1242,2,131,162,7,3312,965,47,,2107,16,5,6,11,,2,18,,3213,497,,15848,5688,,,,,134,252,2293,136,,59,9,347,,7660,10210,1351,3,51,,,62,1250,1382,,4,1,86,4,38,29,27,45,109,15,4,12,,57,13,80,5,7,25,1,429,58,15,14,14,2,26
2012-06-28,4996,1567,6583,1890,343,595,423,236,283,447,,1259,2,132,163,7,3345,979,48,,2129,16,5,6,11,,3,18,,3251,501,,16032,5749,,,,,138,255,2316,144,,68,9,351,,7738,10337,1368,3,52,,,63,1261,1392,,5,1,86,4,39,29,27,45,110,15,4,12,,57,13,80,5,7,25,1,433,58,16,14,15,2,26
2012-07-05,5036,1585,6648,1905,345,605,426,238,284,451,,1274,2,135,165,7,3383,994,48,,2159,18,5,6,11,,3,18,,3277,502,,16238,5820,,,,,141,260,2343,149,,68,11,358,,7830,10474,1384,3,52,,,63,1271,1408,,6,1,90,4,39,29,27,45,112,15,4,12,,57,14,80,5,7,25,1,437,60,16,14,16,2,26
2012-07-12,5093,1600,6700,1921,354,608,431,239,292,452,,1294,2,138,169,8,3416,1016,50,,2176,21,5,6,11,,3,18,,3321,509,,16459,5912,,,,,145,262,2375,150,,69,11,362,,7930,10624,1402,3,52,,,63,1283,1427,,6,1,94,4,40,30,27,45,114,17,4,12,,58,14,80,5,7,25,1,443,60,16,14,16,2,26
2012-07-19,5138,1610,6757,1942,362,613,439,244,297,454,,1316,2,142,170,8,3449,1026,51,,2202,21,5,6,11,,3,19,,3357,515,,16666,6000,,,,,148,266,2407,156,,70,12,370,,8022,10743,1419,3,52,,,63,1295,1436,,6,1,96,4,40,30,27,45,114,19,4,13,,59,14,80,5,7,25,1,446,62,17,14,17,2,26
2012-07-26,5185,1631,6827,1961,366,619,451,248,302,459,,1342,2,144,171,8,3486,1037,55,,2223,21,5,7,11,,3,19,,3402,521,,16870,6080,,,,,156,269,2431,164,,72,12,378,,8092,10856,1429,3,52,,,63,1306,1448,,7,1,96,4,40,30,27,46,117,19,4,14,,60,14,83,5,7,27,1,455,62,18,14,17,2,26
2012-08-02,5232,1641,6887,1995,370,631,455,252,306,467,,1360,2,148,174,8,3519,1057,59,,2239,21,5,7,11,,3,19,,3449,527,,17088,6160,,,,,161,274,2459,170,,76,12,391,,8176,10994,1453,3,52,,,63,1322,1464,,7,1,98,4,40,30,27,47,118,19,4,14,,62,14,84,5,7,28,1,458,62,19,14,17,2,27
2012-08-09,5281,1662,6950,2024,378,643,461,256,310,470,,1377,2,152,175,8,3546,1060,60,,2264,22,6,7,11,,4,19,,3492,540,,17295,6241,,,,,167,278,2493,177,,77,12,394,,8265,11120,1474,3,53,,,63,1338,1481,,7,1,99,4,40,30,27,50,118,19,4,14,,63,15,84,5,7,28,1,465,62,20,14,17,2,27
2012-08-16,5316,1682,7012,2045,384,652,470,257,313,476,,1390,2,154,176,8,3577,1067,63,,2284,22,6,8,11,,4,20,,3527,547,,17485,6299,,,,,169,283,2513,179,,78,13,400,,8343,11228,1487,3,53,,,64,1354,1492,,7,1,99,4,40,33,27,50,119,19,4,16,,64,15,86,5,7,28,1,470,62,20,14,17,2,28
2012-08-23,5367,1697,7077,2064,385,660,479,258,314,485,,1408,2,159,177,8,3623,1081,67,,2311,22,7,8,11,,4,22,,3557,551,,17675,6360,,,,,174,284,2549,179,,78,13,407,,8414,11370,1501,3,53,,,66,1369,1506,,7,1,101,4,40,34,27,51,120,19,4,16,,64,16,87,5,7,28,1,474,62,20,14,17,2,29
2012-08-30,5421,1712,7145,2082,391,666,490,261,316,488,,1426,2,159,177,9,3662,1096,69,,2323,22,7,9,11,,4,22,,3598,563,,17887,6447,,,,,181,285,2577,181,,79,13,416,,8513,11485,1518,3,53,,,67,1377,1518,,7,1,105,4,40,34,27,51,122,20,4,16,,64,16,87,5,7,28,1,475,62,21,14,17,2,29
2012-09-06,5469,1734,7213,2095,398,679,498,264,317,494,,1441,2,162,179,9,3696,1102,71,,2347,22,7,9,11,,5,23,,3636,571,,18089,6518,,,,,184,289,2594,184,,81,13,429,,8586,11618,1529,3,53,,,67,1390,1541,,7,1,106,4,41,34,28,52,122,20,4,16,,64,16,88,5,7,28,1,478,63,21,15,17,2,29
2012-09-13,5521,1754,7268,2122,402,687,503,267,318,501,,1465,2,164,187,9,3722,1116,71,,2364,24,7,9,11,,5,23,,3673,575,,18320,6607,,,,,188,292,2632,186,,81,13,440,,8667,11720,1542,3,53,,,68,1405,1561,,7,1,109,4,41,35,28,52,123,20,4,16,,66,16,88,5,7,28,1,479,63,21,15,17,2,29
2012-09-20,5569,1771,7327,2141,408,701,518,272,320,512,,1483,2,165,189,10,3752,1131,71,,2385,24,7,9,11,,5,23,,3714,584,,18537,6697,,,,,198,298,2662,186,,84,13,453,,8756,11869,1561,3,55,,,69,1412,1577,,7,1,110,4,41,35,28,52,124,20,4,16,,67,16,88,5,7,28,1,481,63,21,15,18,2,29
2012-09-27,5606,1781,7382,2156,410,708,530,272,323,523,,1501,2,168,191,10,3783,1148,75,,2408,24,7,9,11,,6,23,,3760,599,,18728,6789,,,,,205,299,2697,188,,85,13,461,,8852,12002,1582,3,55,,,69,1419,1595,,7,1,110,4,41,36,28,52,124,20,4,16,,67,16,89,5,7,30,1,485,63,21,15,18,2,29
2012-10-04,5658,1795,7435,2180,416,717,541,274,330,526,,1515,2,173,194,10,3823,1165,78,,2433,25,7,9,11,,6,23,,3792,601,,18940,6873,,,,,211,304,2722,193,,86,13,471,,8927,12125,1599,5,55,,,69,1428,1607,,7,1,111,4,41,36,28,52,127,20,4,16,,67,17,89,5,7,32,1,487,64,21,15,18,2,31
2012-10-11,5708,1811,7500,2198,421,725,545,275,335,533,,1532,2,176,198,10,3866,1178,78,,2454,25,7,9,11,,6,25,,3832,606,,19157,6949,,,,,215,310,2762,193,,89,14,474,,8997,12239,1612,5,55,,,70,1434,1629,,7,1,112,4,41,38,28,52,129,21,4,16,,67,17,92,5,7,32,1,494,66,21,15,18,2,31
2012-10-18,5747,1826,7556,2217,425,732,559,275,340,539,,1548,2,177,198,10,3891,1190,83,,2475,25,7,9,11,,6,26,,3874,615,,19400,7040,,,,,219,319,2796,195,,89,14,488,,9083,12350,1627,5,55,,,72,1449,1645,,7,1,114,4,42,38,28,52,131,21,4,16,,67,17,93,5,7,33,1,499,67,21,15,18,3,32
2012-10-25,5790,1847,7639,2238,428,736,572,278,340,545,,1570,2,180,198,10,3914,1201,85,,2496,28,7,10,11,,7,26,,3917,622,,19624,7131,,,,,225,326,2826,200,,89,14,499,,9174,12480,1645,5,58,,,75,1458,1659,,7,1,115,4,42,38,28,53,131,21,4,16,,68,17,95,5,7,33,1,500,68,21,15,18,3,32
2012-11-01,5839,1869,7716,2256,432,746,582,278,344,548,,1589,2,182,199,10,3939,1210,86,,2517,30,7,10,11,,7,26,,3963,625,,19829,7209,,,,,232,330,2856,203,,93,16,507,,9255,12594,1659,5,59,,,75,1480,1673,,7,1,117,4,42,39,28,55,133,21,4,17,,68,18,96,5,7,34,1,506,68,21,15,18,3,32
2012-11-08,5867,1885,7777,2273,434,755,587,278,349,552,,1596,2,183,201,10,3970,1224,86,,2532,30,7,10,11,,7,26,,4014,632,,20031,7269,,,,,238,333,2893,206,,94,17,510,,9328,12698,1671,5,60,,,75,1489,1687,,7,1,117,4,42,39,28,56,133,22,4,17,,69,18,96,5,7,34,1,512,68,21,15,18,3,33
2012-11-15,5902,1901,7870,2298,447,765,599,281,359,558,,1607,4,186,202,10,4005,1237,89,,2554,30,7,10,11,,8,26,,4064,636,,20259,7336,,,,,249,338,2920,214,,94,17,513,,9410,12809,1686,5,60,,,75,1499,1705,,8,1,118,4,42,39,28,56,133,22,4,17,,69,19,97,8,7,34,1,518,69,21,15,18,3,33
2012-11-22,5941,1922,7941,2320,454,771,605,282,365,559,,1622,5,186,203,10,4035,1248,90,,2570,30,7,10,11,,8,26,,4113,643,,20456,7404,,,,,257,343,2954,219,,96,17,522,,9487,12930,1705,5,61,,,75,1516,1717,,8,1,120,5,43,39,29,56,135,22,4,17,,70,19,98,8,7,35,1,523,69,21,16,18,3,33
2012-11-29,5981,1943,8010,2339,456,777,612,287,369,570,,1632,8,187,204,10,4061,1261,91,,2587,31,7,10,11,,8,26,,4149,648,,20676,7472,,,,,266,351,2982,223,,96,18,527,,9566,13059,1720,5,61,,,75,1533,1731,,9,1,120,5,43,40,30,58,135,22,4,17,,72,19,99,8,7,35,1,525,69,22,16,18,3,33
2012-12-06,6045,1955,8109,2358,462,783,619,288,372,578,,1647,8,191,206,10,4092,1276,98,,2604,31,8,10,11,,8,27,,4189,656,,20931,7562,,,,,271,353,3009,231,,100,21,531,,9659,13186,1741,5,62,,,75,1546,1744,,9,1,120,5,43,40,31,60,138,22,4,17,,73,19,99,8,7,36,1,529,69,22,16,18,3,33
2012-12-13,6094,1974,8190,2379,464,794,626,288,375,589,,1661,8,193,206,11,4122,1292,98,,2630,32,10,10,11,,8,28,,4227,662,,21160,7645,,,,,276,356,3041,235,,102,23,535,,9752,13317,1758,6,62,,,75,1556,1762,,9,1,120,5,44,40,31,61,139,22,4,17,,73,19,100,8,7,37,1,531,70,22,16,19,3,33
2012-12-20,6129,1990,8251,2401,468,801,632,291,381,598,,1675,8,197,206,11,4157,1306,101,,2660,34,10,10,11,,8,28,,4271,671,,21421,7725,,,,,286,362,3071,239,,103,23,536,,9833,13458,1778,6,64,,,75,1567,1785,,9,1,120,5,45,41,31,61,140,24,4,17,,74,19,101,8,7,37,1,534,71,23,16,20,3,33
2012-12-27,6161,2000,8289,2417,474,803,637,292,385,603,,1684,8,198,207,11,4187,1319,101,,2676,34,11,10,11,,8,28,,4299,675,,21600,7791,,,,,295,367,3095,245,,104,23,539,,9888,13557,1792,6,64,,,76,1575,1795,,9,1,120,5,45,42,31,62,140,24,4,17,,76,19,102,8,7,37,1,537,71,23,16,20,4,33
2013-01-03,6197,2009,8346,2430,475,805,640,293,388,603,,1687,8,198,207,11,4216,1321,102,,2689,34,12,10,11,,8,28,,4326,682,,21746,7860,,,,,299,371,3116,249,,104,23,542,,9949,13654,1807,6,64,,,77,1580,1810,,9,1,120,5,45,42,31,62,140,24,4,17,,76,19,102,8,7,37,1,538,72,23,16,20,4,34
2013-01-10,6245,2028,8409,2450,480,812,645,297,393,608,,1699,8,198,207,11,4257,1338,103,,2709,34,13,10,11,,8,29,,4364,691,,21999,7941,,,,,305,375,3147,256,,106,24,552,,10018,13786,1821,6,65,,,78,1597,1824,,9,1,123,5,45,42,31,64,140,24,4,17,,77,19,104,8,7,38,1,543,72,23,16,20,4,34
2013-01-17,6282,2052,8495,2474,486,823,650,299,398,620,,1712,9,201,210,11,4296,1352,103,,2734,34,13,11,11,,8,29,,4398,699,,22274,8053,,,,,311,381,3188,263,,109,24,559,,10099,13901,1840,6,65,,,78,1606,1837,,9,1,124,5,45,42,31,64,140,27,4,17,,78,19,105,8,7,38,1,544,72,24,16,21,4,34
2013-01-24,6339,2071,8566,2496,496,830,664,305,401,624,,1730,9,201,211,11,4333,1362,104,,2757,36,13,11,11,,8,29,,4437,705,,22535,8169,,,,,317,386,3230,268,,111,24,561,,10185,14064,1860,6,65,,,79,1620,1850,,10,1,126,5,45,42,31,64,142,30,4,17,,78,20,106,8,7,38,1,555,72,24,16,21,4,34
2013-01-31,6391,2088,8656,2519,501,836,671,308,404,630,,1742,13,203,212,11,4374,1378,106,,2770,36,13,11,11,,8,29,,4482,714,,22772,8274,,,,,319,387,3267,271,,115,25,568,,10265,14211,1877,6,66,,,79,1634,1869,,10,1,128,5,45,42,31,66,144,30,4,17,,79,23,108,8,7,38,1,560,72,24,16,22,5,34
2013-02-07,6445,2099,8751,2538,508,849,683,312,408,636,,1756,14,205,212,11,4412,1398,107,,2792,36,13,11,11,,8,29,,4541,726,,23016,8362,,,,,327,395,3300,280,,116,25,573,,10352,14367,1897,6,66,,,79,1645,1893,,10,1,128,5,45,42,31,67,146,30,4,17,,79,23,109,8,7,38,1,562,72,24,16,22,6,35
2013-02-14,6490,2121,8842,2558,516,855,694,313,412,650,,1768,14,206,213,11,4448,1407,108,,2817,36,14,11,11,,8,29,,4588,742,,23245,8438,,,,,331,400,3328,285,,119,25,576,,10443,14528,1913,6,66,,,79,1655,1910,,10,1,129,5,45,42,31,67,147,30,4,17,,79,23,110,8,7,38,1,567,72,24,16,22,6,35
2013-02-21,6534,2141,8939,2581,522,869,705,316,422,659,,1785,14,212,216,11,4469,1426,110,,2839,36,14,11,11,,8,29,,4642,751,,23485,8518,,,,,338,407,3365,288,,123,25,582,,10554,14685,1930,6,67,,,80,1662,1928,,10,1,131,6,45,42,31,68,150,30,4,17,,79,23,111,8,7,39,1,573,74,24,16,22,6,36
2013-02-28,6573,2169,9027,2602,533,879,713,318,430,663,,1797,14,212,217,12,4506,1440,114,,2857,37,14,11,11,,8,29,,4681,760,,23743,8636,,,,,343,411,3414,296,,125,25,588,,10663,14833,1957,6,71,,,81,1676,1937,,10,1,132,6,46,43,31,69,152,33,4,17,,82,23,112,8,7,39,1,579,74,24,16,22,10,36
2013-03-07,6616,2182,9120,2632,540,892,724,321,435,673,,1819,18,215,218,12,4547,1460,117,,2886,37,15,11,11,,8,29,,4726,772,,24018,8738,,,,,351,416,3455,300,,126,25,594,,10759,14966,1982,6,71,,,82,1698,1954,,10,1,133,7,46,43,31,70,154,34,4,17,,84,23,116,9,7,39,1,582,75,24,16,24,10,36
2013-03-14,6667,2205,9211,2646,542,899,737,324,439,687,,1838,22,216,219,13,4581,1484,121,,2911,37,16,11,12,,8,29,,4773,785,,24297,8862,,,,,366,422,3488,301,,129,27,597,,10836,15154,2005,6,72,,,82,1706,1974,,10,1,133,8,46,43,31,71,155,35,4,17,,84,25,118,9,7,40,1,589,76,24,16,24,10,37
2013-03-21,6720,2225,9288,2671,546,912,751,326,442,700,,1863,24,219,225,14,4627,1503,123,,2938,38,16,11,12,,8,29,,4826,796,,24582,9000,,,,,372,436,3539,304,,131,28,602,,10926,15318,2025,6,72,,,82,1725,1996,,10,1,133,9,46,44,33,71,156,36,4,17,,84,27,120,9,7,40,1,597,76,25,16,25,10,37
2013-03-28,6771,2251,9379,2687,552,916,763,332,448,707,,1875,26,219,231,15,4666,1517,124,,2958,38,16,11,12,,8,29,,4870,808,,24810,9095,,,,,381,443,3576,308,,131,28,608,,11021,15493,2051,6,72,,,83,1733,2018,,10,1,134,10,46,44,35,72,159,36,4,17,,85,27,122,9,7,40,1,600,77,25,17,25,10,37
2013-04-04,6829,2270,9457,2712,557,926,775,333,452,715,,1896,29,227,234,16,4696,1533,126,,2982,39,17,11,12,,8,29,,4904,817,,25036,9202,,,,,386,447,3602,315,,132,28,613,,11109,15690,2070,6,72,,,84,1747,2031,,10,1,134,11,46,44,35,73,161,36,4,18,,85,27,123,9,7,41,1,606,78,25,18,25,10,38
2013-04-11,6878,2295,9551,2740,566,938,787,336,459,721,,1910,30,230,235,16,4732,1549,127,,3008,40,17,11,12,,8,29,,4948,826,,25297,9314,,,,,393,453,3631,322,,134,28,621,,11205,15868,2098,6,73,,,84,1764,2055,,10,1,135,12,47,45,35,73,163,36,4,18,,85,27,124,9,7,42,1,610,81,25,19,25,10,40
2013-04-18,6923,2312,9637,2758,572,949,799,341,463,736,,1921,31,231,237,16,4759,1562,129,,3028,40,17,11,12,,8,29,,4997,828,,25544,9409,,,,,399,459,3665,329,,135,28,624,,11289,16031,2115,6,73,,,84,1784,2070,,10,1,135,12,47,45,35,75,166,36,4,18,,85,28,125,9,7,42,1,615,81,26,20,25,10,41
2013-04-25,6966,2328,9739,2780,576,958,809,345,466,743,,1937,33,232,241,16,4799,1583,129,,3060,40,17,11,12,,8,29,,5034,842,,25815,9542,,,,,409,463,3710,334,,136,28,633,,11372,16219,2144,6,73,,,87,1801,2081,,11,1,136,12,47,45,35,76,167,36,4,18,,86,28,126,9,7,42,1,618,81,26,21,26,10,42
2013-05-02,7004,2344,9846,2795,579,963,819,348,472,748,,1945,33,232,241,16,4819,1595,130,,3079,40,17,11,12,,8,29,,5071,849,,26074,9664,,,,,418,469,3751,337,,137,28,636,,11458,16375,2162,6,73,,,88,1810,2096,,11,1,136,12,47,45,35,76,169,36,4,18,,86,28,127,9,7,43,1,624,82,26,21,26,10,46
2013-05-09,7050,2364,9942,2814,589,969,833,353,479,755,,1962,36,237,243,16,4839,1604,133,,3099,40,17,11,12,,8,29,,5110,854,,26364,9790,,,,,430,475,3791,345,,142,29,640,,11550,16509,2171,6,73,,,88,1827,2111,,13,1,136,12,48,45,35,77,170,36,4,19,,86,29,128,9,7,45,1,629,82,26,21,27,10,46
2013-05-16,7093,2385,10026,2831,600,977,844,354,485,765,,1975,37,240,246,16,4859,1622,137,,3129,41,17,11,12,,8,29,,5161,861,,26600,9891,,,,,436,481,3829,347,,144,30,644,,11635,16662,2190,7,74,,,88,1843,2125,,13,1,136,12,48,46,35,77,171,36,4,19,,86,29,130,9,7,45,1,634,83,26,21,27,10,46
2013-05-23,7140,2414,10122,2848,607,979,857,357,493,771,,1993,39,243,247,16,4895,1636,137,,3151,42,17,12,12,1,8,29,,5208,867,,26867,10000,,,,,446,484,3857,351,,144,31,646,,11716,16795,2219,7,74,,,90,1861,2141,,13,1,138,12,48,46,36,77,173,36,4,19,,86,29,130,9,7,45,1,636,85,26,21,28,10,46
2013-05-30,7186,2434,10203,2864,616,982,863,362,503,780,,2008,40,248,248,16,4932,1654,137,,3173,43,17,12,12,1,10,29,,5270,880,,27119,10098,,,,,459,488,3901,356,,145,31,651,,11815,16943,2236,7,74,,,90,1875,2152,,13,1,139,12,48,46,36,77,177,36,4,19,,87,31,130,9,7,45,1,641,85,26,21,28,10,46
2013-06-06,7232,2462,10291,2886,621,994,869,367,518,787,,2037,43,249,256,16,4956,1667,138,,3191,43,18,12,12,1,11,29,,5314,889,,27385,10213,,,,,465,494,3938,362,,151,31,655,,11901,17073,2251,7,74,,,90,1892,2165,,13,1,141,12,48,46,36,77,177,36,4,20,,88,33,130,9,7,45,1,647,85,26,21,28,10,46
2013-06-13,7272,2474,10377,2910,625,999,883,370,522,798,,2053,45,253,258,16,4981,1685,139,,3208,43,18,12,12,1,11,29,,5349,897,,27621,10323,,,,,474,499,3976,370,,152,31,663,,11989,17206,2268,7,75,,,90,1901,2176,,13,1,142,12,48,46,36,77,178,36,4,20,,88,33,130,9,7,45,1,652,85,26,21,28,10,46
2013-06-20,7320,2492,10446,2932,632,1005,895,372,527,811,,2071,48,253,259,16,5012,1701,140,,3229,43,20,12,12,1,11,29,,5389,905,,27863,10439,,,,,484,509,4010,375,,157,34,666,,12077,17331,2284,7,76,,,90,1913,2191,,13,1,144,13,48,46,37,79,181,37,4,20,,89,33,131,9,7,45,1,657,86,26,21,28,10,46
2013-06-27,7360,2517,10533,2956,634,1012,905,374,531,822,,2086,50,257,259,17,5041,1719,141,,3257,45,20,12,12,1,11,29,,5435,915,,28096,10565,,,2,,489,513,4045,383,,161,35,669,,12171,17492,2299,7,76,,,90,1931,2210,,13,1,144,13,48,46,38,80,184,37,4,20,,89,33,132,9,7,45,1,657,86,26,21,28,10,47
2013-07-04,7403,2541,10607,2974,637,1023,919,376,532,829,,2108,57,262,261,17,5071,1732,144,,3276,47,21,12,12,1,11,29,,5471,923,,28330,10681,,,2,,494,524,4081,394,,163,35,675,,12265,17643,2329,7,78,,,90,1942,2229,,13,1,145,13,48,46,39,81,186,38,4,21,,89,33,132,9,7,45,1,665,87,27,21,28,11,47
2013-07-11,7452,2559,10694,2991,641,1030,927,376,536,836,,2127,60,263,266,17,5109,1748,147,,3297,47,21,12,13,1,11,29,,5511,931,,28560,10792,,,2,,501,533,4116,400,,167,35,678,,12338,17773,2351,7,80,,1,90,1955,2244,,13,1,145,14,48,46,39,81,187,38,4,21,,89,33,132,9,7,45,1,669,87,27,21,28,11,47
2013-07-18,7504,2581,10790,3013,646,1036,941,378,544,843,,2142,64,266,266,17,5136,1759,150,,3323,47,22,12,13,1,11,29,,5557,943,,28801,10912,,,2,,504,536,4150,411,,170,35,682,,12436,17911,2366,7,83,,1,90,1971,2263,,13,1,147,14,48,46,39,81,188,38,4,21,,89,33,132,10,7,45,1,671,88,27,21,28,11,47
2013-07-25,7537,2598,10880,3030,652,1041,957,382,551,850,,2160,67,266,271,17,5174,1770,153,,3343,47,22,12,13,1,11,29,,5604,956,,29082,11044,,,2,,510,542,4195,419,,171,37,685,,12524,18075,2393,7,84,,1,90,1992,2275,,13,1,150,14,49,46,39,83,189,40,4,21,,89,34,133,10,7,45,1,673,88,27,21,28,11,47
2013-08-01,7571,2624,10971,3044,655,1049,967,384,556,855,,2181,69,267,273,17,5208,1787,156,,3364,47,22,13,13,1,11,29,,5653,968,,29361,11169,,,2,,526,552,4227,430,,173,37,689,,12605,18249,2419,7,84,,2,90,2000,2293,,13,1,151,14,49,46,41,83,189,41,4,21,,89,34,137,10,7,45,1,680,89,27,22,29,11,48
2013-08-08,7603,2642,11044,3065,661,1058,986,386,563,860,,2192,70,269,274,18,5240,1796,159,,3392,47,23,13,13,1,11,29,,5710,979,,29637,11309,,,2,,535,558,4266,436,,175,37,690,,12692,18412,2434,7,86,,3,90,2016,2315,,13,1,151,14,49,46,41,84,189,41,4,21,,89,35,139,10,7,45,1,687,89,27,22,29,12,49
2013-08-15,7648,2661,11120,3085,669,1069,1000,390,574,863,,2209,78,269,277,18,5264,1812,160,,3417,47,24,13,13,1,11,29,,5753,990,,29891,11444,,,2,,543,566,4298,444,,176,37,694,,12767,18532,2450,7,86,,3,92,2033,2337,,13,1,152,15,49,46,41,85,192,41,4,21,,89,35,140,10,7,46,1,693,89,28,22,29,12,49
2013-08-22,7690,2683,11201,3104,671,1080,1006,391,581,870,,2230,86,273,278,20,5299,1827,163,,3446,47,24,13,13,1,11,29,,5784,996,,30128,11557,,,2,,555,570,4329,449,,178,37,698,,12847,18652,2467,7,88,,5,92,2052,2353,,13,1,152,15,49,46,41,87,193,42,4,21,,89,36,141,10,7,46,1,699,90,28,22,30,12,49
2013-08-29,7726,2694,11283,3134,679,1092,1019,393,588,875,,2256,95,282,279,20,5333,1835,164,,3472,47,24,13,13,1,11,29,,5824,1008,,30415,11702,,,2,,574,579,4363,451,,180,38,703,,12947,18794,2481,7,88,,5,93,2059,2371,,13,1,152,15,49,46,41,87,193,42,4,21,,89,36,141,10,7,47,1,702,91,28,22,30,12,49
2013-09-05,7773,2714,11373,3151,688,1102,1030,399,588,883,,2271,100,286,280,22,5364,1848,167,,3501,47,24,13,13,1,11,29,,5876,1017,,30679,11839,,,2,,584,587,4405,457,,185,42,705,,13051,18953,2493,7,89,,5,93,2074,2379,,13,1,154,15,49,46,41,87,196,42,4,22,,89,36,141,10,7,47,1,707,91,29,22,30,13,50
2013-09-12,7825,2736,11461,3173,696,1108,1042,399,593,893,,2290,104,287,282,22,5405,1858,171,,3520,47,24,13,13,1,12,29,,5913,1021,,30956,11958,,,2,,595,595,4435,461,,188,45,709,,13145,19089,2514,7,90,,5,93,2094,2391,,13,1,156,15,49,47,41,88,199,45,4,23,,90,36,141,10,7,48,1,712,92,29,22,30,14,50
2013-09-19,7868,2749,11555,3196,703,1114,1051,400,600,899,,2306,106,292,285,22,5453,1866,174,,3534,47,24,13,13,1,12,29,,5963,1027,,31257,12083,1,,3,,608,602,4484,465,,191,47,715,,13241,19245,2528,7,90,,7,93,2106,2403,,13,1,156,15,51,47,41,89,199,45,4,24,,90,36,141,10,7,48,1,718,93,29,22,30,14,51
2013-09-26,7916,2760,11635,3212,714,1121,1069,402,605,905,,2317,108,292,287,22,5490,1884,176,,3549,47,24,13,13,1,12,29,,6010,1042,,31510,12232,2,,3,,621,608,4524,479,,194,48,718,,13342,19421,2539,7,90,,8,94,2125,2420,,13,1,157,15,51,47,41,90,199,47,4,24,,91,36,141,10,7,48,1,724,93,29,22,30,14,51
2013-10-03,7956,2778,11721,3237,717,1134,1079,405,610,911,,2336,111,295,290,22,5536,1897,178,,3576,47,24,13,13,1,12,30,,6052,1049,,31799,12350,4,,3,,633,621,4565,487,,196,48,724,,13462,19568,2560,7,90,,9,94,2143,2438,,13,1,157,15,52,47,41,90,203,47,4,24,,91,37,141,10,7,48,1,725,93,29,22,30,14,52
2013-10-10,8005,2794,11804,3259,725,1143,1087,408,615,918,,2354,120,299,292,22,5569,1913,178,,3600,48,25,13,13,1,12,30,,6098,1054,,32098,12500,6,,5,,644,632,4604,497,,197,51,734,,13564,19730,2574,7,91,,11,94,2165,2459,,13,1,158,15,54,47,41,91,206,48,4,24,,93,37,142,10,8,49,1,733,94,29,22,30,14,52
2013-10-17,8048,2807,11892,3271,733,1148,1098,415,623,929,,2366,121,301,292,22,5601,1931,180,,3619,48,25,13,13,1,12,30,,6154,1064,,32365,12627,7,,6,,651,637,4643,499,,197,52,741,,13664,19901,2585,7,92,,15,96,2183,2474,,13,1,158,15,54,47,41,92,206,48,4,24,,94,38,143,10,8,50,1,737,95,30,22,30,14,52
2013-10-24,8100,2833,11966,3297,738,1152,1117,421,630,939,,2384,122,306,296,22,5645,1948,183,,3643,48,26,13,13,1,12,30,,6217,1075,,32665,12762,10,,6,,664,641,4701,506,,200,52,747,,13779,20058,2606,7,92,,16,96,2197,2486,,13,1,158,15,54,47,41,93,207,48,4,24,,94,38,143,10,8,50,1,743,96,30,22,30,14,52
2013-10-31,8148,2855,12065,3314,743,1159,1131,424,637,944,,2402,123,306,300,22,5692,1960,183,,3664,49,27,13,13,1,12,30,,6259,1086,,32951,12885,17,,6,,675,649,4728,512,,203,52,755,,13907,20229,2619,7,92,,17,98,2221,2504,,13,1,158,16,54,47,41,93,211,48,4,24,,94,38,143,10,8,50,1,748,96,30,22,30,14,54
2013-11-07,8184,2874,12156,3336,745,1167,1149,425,641,950,,2421,125,312,301,23,5724,1972,187,,3690,51,27,13,13,1,13,30,,6291,1091,,33196,12987,19,,6,,689,653,4765,522,,205,54,758,,13991,20352,2638,7,93,,17,99,2244,2514,,13,1,160,16,54,47,41,94,211,50,4,24,,94,38,143,11,8,51,1,749,97,32,23,30,14,54
2013-11-14,8235,2895,12253,3352,750,1172,1165,427,646,963,,2445,129,320,305,23,5765,1988,190,,3715,52,27,13,13,1,14,30,,6350,1093,,33475,13111,24,,6,,699,660,4806,529,,207,56,763,,14110,20529,2655,7,93,,17,99,2260,2531,,13,2,161,16,54,47,41,94,213,51,4,24,,95,39,145,11,9,51,1,756,97,32,24,30,14,54
2013-11-21,8277,2923,12358,3374,754,1177,1181,429,654,970,,2466,130,324,308,23,5815,1997,190,,3749,54,27,13,13,2,14,30,,6407,1102,,33755,13237,30,,7,,714,671,4839,538,,209,56,764,,14214,20701,2674,7,93,,17,100,2276,2542,,13,2,163,16,54,47,41,95,213,51,4,25,,95,39,145,11,9,52,1,761,97,32,25,32,14,54
2013-11-28,8331,2937,12452,3393,758,1183,1192,435,662,979,,2477,131,326,310,23,5864,2015,190,,3778,54,27,13,13,2,14,31,,6462,1106,,34057,13357,39,,7,,725,680,4872,545,,212,56,767,,14323,20868,2691,7,93,,20,101,2286,2555,,13,2,163,17,57,47,41,96,213,51,4,25,,95,39,147,11,9,53,1,763,97,32,25,32,14,54
2013-12-05,8373,2953,12556,3409,765,1192,1202,436,667,985,,2502,140,330,314,23,5901,2027,194,,3801,54,28,16,13,2,14,32,,6492,1112,,34335,13493,41,1,9,,738,692,4919,555,,213,57,769,,14408,21023,2713,7,93,,21,102,2302,2574,,13,2,164,17,58,48,41,98,215,51,4,25,,95,39,148,11,9,53,1,767,97,33,25,32,14,54
2013-12-12,8419,2975,12651,3425,770,1199,1213,439,673,987,,2520,143,333,316,23,5942,2044,199,,3827,55,28,16,13,2,14,32,,6534,1116,,34674,13641,52,1,9,,745,706,4961,566,,214,58,770,,14523,21207,2735,7,93,,25,102,2314,2586,,13,2,165,17,58,48,41,98,215,54,4,26,,95,41,148,11,9,53,1,768,97,33,25,32,14,54
2013-12-19,8459,3002,12755,3447,774,1207,1224,443,677,997,,2534,145,334,316,23,5984,2055,199,,3843,55,28,16,13,2,14,33,,6577,1123,,34953,13762,58,1,9,,753,710,5008,574,,216,60,771,,14640,21400,2760,7,93,,27,102,2327,2595,,13,2,165,17,58,48,41,98,215,54,4,26,,95,41,148,11,9,53,1,770,97,33,25,32,14,54
2013-12-26,8492,3011,12814,3465,779,1213,1236,446,678,1004,,2547,150,338,317,24,6009,2068,203,,3856,55,28,16,13,2,14,33,,6609,1127,,35186,13870,70,1,9,,764,715,5045,579,,216,60,776,,14720,21546,2778,7,93,,27,102,2334,2601,,13,2,165,17,58,48,41,98,216,55,4,26,,96,41,150,11,9,53,1,774,98,33,25,32,14,54
2014-01-02,8523,3026,12864,3480,788,1220,1246,448,683,1009,,2554,151,339,317,24,6037,2078,205,,3873,55,28,16,13,2,14,33,,6638,1130,,35388,13990,75,1,9,,771,719,5072,587,,217,63,777,,14791,21661,2788,7,93,,27,102,2343,2605,,13,2,165,17,58,48,41,98,216,55,4,26,,96,41,150,11,9,53,1,776,98,33,25,32,14,54
2014-01-09,8565,3043,12944,3499,796,1230,1258,452,686,1019,,2564,156,340,320,24,6068,2094,207,,3893,55,28,16,13,2,14,33,,6680,1137,,35689,14131,82,1,10,,784,728,5110,592,,219,63,781,,14888,21846,2805,7,93,,27,103,2355,2626,,13,2,165,17,58,48,41,98,220,56,4,26,,99,44,150,11,9,54,1,778,98,33,25,32,14,54
2014-01-16,8601,3055,13029,3519,799,1241,1271,455,691,1029,,2585,158,342,323,24,6106,2106,210,1,3920,56,28,16,13,2,14,33,,6719,1142,,36022,14263,91,1,10,,805,741,5166,598,,219,64,784,,15003,22022,2824,7,93,,27,104,2375,2637,,13,2,165,20,58,48,41,99,225,58,4,26,,101,44,151,11,9,54,1,781,98,33,25,32,14,54
2014-01-23,8640,3074,13099,3540,806,1250,1284,458,699,1044,,2608,163,346,326,24,6146,2124,211,2,3939,57,28,16,13,2,14,33,,6763,1153,,36343,14390,101,1,10,,817,756,5215,611,,223,65,792,,15096,22185,2838,7,93,,27,104,2395,2651,,13,2,168,20,58,48,41,100,227,58,4,27,,102,45,151,11,9,54,1,785,99,33,26,32,14,54
2014-01-30,8697,3098,13228,3561,816,1257,1301,460,705,1056,,2622,164,349,327,24,6196,2136,211,2,3967,57,28,16,13,2,14,33,,6821,1163,,36700,14543,114,1,11,,834,769,5263,627,,224,65,796,,15202,22344,2856,7,93,,28,104,2406,2667,,13,2,169,20,58,48,41,102,227,60,4,27,,103,45,153,11,9,55,1,790,99,33,26,32,14,55
2014-02-06,8731,3114,13344,3576,822,1268,1309,461,711,1067,,2639,171,350,329,24,6237,2151,213,2,3981,57,28,16,13,2,14,33,,6870,1170,,37041,14674,123,1,11,,843,787,5317,633,,227,66,802,,15320,22510,2869,7,93,,28,104,2414,2684,,13,2,169,20,58,48,42,102,228,60,4,28,,103,45,154,11,9,55,1,796,100,33,26,32,14,55
2014-02-13,8768,3142,13453,3590,829,1275,1321,466,721,1076,,2658,174,352,329,24,6290,2173,218,3,4003,57,28,16,13,3,14,33,,6917,1186,,37373,14794,134,1,11,,863,795,5365,643,,231,67,805,,15444,22678,2891,7,93,,30,105,2433,2704,,13,2,170,20,58,48,42,102,229,60,4,28,,105,46,154,11,9,55,1,799,101,33,26,32,14,55
2014-02-20,8813,3168,13557,3613,837,1285,1331,473,733,1088,,2676,178,357,331,24,6330,2187,219,3,4027,57,28,16,13,3,15,33,,6970,1193,,37730,14951,143,2,11,,881,803,5415,649,,233,69,811,,15559,22853,2911,7,93,,31,105,2448,2719,,13,2,170,20,58,48,43,103,229,60,4,28,,105,46,159,11,9,56,1,802,101,34,26,32,14,55
2014-02-27,8857,3188,13672,3640,847,1305,1345,475,738,1098,,2688,180,360,332,24,6373,2198,220,6,4049,57,28,16,13,3,15,33,,7034,1199,,38083,15094,147,2,11,,898,818,5464,658,,236,70,814,,15646,23054,2928,7,95,,32,107,2462,2735,,13,2,172,20,58,48,43,104,230,60,4,28,,105,47,160,12,9,56,1,807,102,34,26,32,15,55
2014-03-06,8907,3206,13790,3661,858,1314,1360,478,744,1105,,2702,182,363,335,24,6413,2206,224,7,4067,58,28,16,13,3,15,33,,7088,1206,,38397,15214,157,3,11,,912,831,5515,668,,238,71,815,,15754,23230,2950,7,95,,34,109,2483,2750,,13,2,172,20,58,48,43,106,231,60,4,28,,106,47,161,12,9,56,1,810,103,34,26,32,15,55
2014-03-13,8962,3229,13901,3684,867,1319,1371,479,754,1112,,2724,186,365,339,24,6450,2220,229,11,4095,58,28,16,13,3,15,33,,7133,1213,,38804,15358,168,3,14,,920,845,5563,683,,244,72,817,,15876,23423,2969,8,95,,36,111,2494,2768,,13,2,174,20,58,48,43,107,231,60,4,29,,107,47,161,12,9,56,1,818,106,34,26,32,15,56
2014-03-20,9011,3242,14008,3699,873,1325,1386,484,761,1130,,2739,189,366,342,24,6497,2237,234,13,4122,58,28,16,13,3,15,33,,7190,1217,,39176,15515,186,3,14,,936,856,5627,690,,245,73,822,,16023,23649,2983,8,95,,40,113,2512,2787,,13,2,174,20,58,48,43,108,231,60,4,29,,107,47,162,13,9,56,1,821,106,34,26,32,15,56
2014-03-27,9066,3259,14115,3715,878,1335,1412,485,766,1140,,2760,192,367,345,24,6541,2254,239,20,4152,58,28,16,13,3,16,33,,7255,1223,,39532,15681,199,3,14,,963,862,5678,697,,246,75,824,,16134,23836,3000,8,95,,42,113,2531,2803,,13,2,175,21,58,48,43,109,235,60,4,30,,109,47,162,13,9,56,1,823,108,34,26,33,15,56
2014-04-03,9104,3281,14222,3725,886,1345,1431,486,769,1156,,2778,196,371,347,24,6587,2269,242,22,4177,58,28,16,13,4,16,33,,7306,1236,,39918,15847,220,3,15,,989,875,5734,708,,249,75,827,,16259,24047,3019,8,98,,45,113,2546,2814,,13,2,175,21,59,48,46,110,239,61,4,30,,109,48,162,14,9,57,1,829,109,34,26,34,15,56
2014-04-10,9144,3301,14327,3752,891,1355,1447,492,774,1165,,2800,197,374,349,24,6630,2283,245,27,4203,58,28,16,13,4,16,33,,7364,1245,,40300,16009,244,3,16,,1007,889,5777,718,,252,77,828,,16369,24275,3029,8,98,,46,113,2568,2825,,13,2,175,21,59,48,46,111,239,61,4,30,,109,49,163,14,9,58,1,834,112,34,26,34,15,56
2014-04-17,9191,3319,14424,3771,895,1367,1456,493,786,1172,,2811,199,376,349,24,6676,2298,247,28,4222,58,28,16,13,4,16,33,,7416,1254,,40655,16150,266,5,16,,1020,909,5826,729,,252,80,831,,16487,24472,3049,8,98,,46,113,2579,2832,,13,2,176,21,59,48,46,112,241,62,4,30,,110,50,163,15,9,58,1,836,113,34,26,34,15,56
2014-04-24,9234,3332,14520,3783,900,1371,1476,495,795,1176,,2828,201,380,349,24,6713,2314,248,30,4240,59,29,16,13,4,16,33,,7468,1261,,40971,16273,282,6,19,,1039,922,5862,738,,252,85,834,,16582,24662,3060,8,99,,47,113,2586,2844,,13,2,177,21,59,49,46,112,242,62,4,30,,110,50,163,15,9,58,1,836,113,34,27,34,15,56
2014-05-01,9275,3355,14624,3813,909,1379,1488,499,805,1182,,2848,205,383,350,25,6755,2332,249,34,4275,60,29,16,13,4,16,33,,7510,1267,,41330,16438,305,6,19,,1059,941,5905,747,,253,89,838,,16701,24858,3078,8,99,,48,113,2599,2855,,13,2,180,21,59,49,46,112,243,63,4,30,,111,50,163,16,10,58,1,838,113,36,27,34,15,56
2014-05-08,9317,3376,14721,3827,916,1386,1499,501,808,1191,,2864,209,385,353,25,6786,2349,251,36,4299,60,29,16,13,4,16,33,,7557,1271,,41668,16578,330,6,20,,1077,954,5956,755,,255,90,842,,16798,25075,3088,8,99,,49,115,2611,2866,,13,2,180,21,59,49,46,113,245,63,4,30,,111,51,164,16,10,58,1,839,114,36,27,34,15,56
2014-05-15,9361,3401,14816,3844,922,1397,1519,504,818,1198,,2876,211,386,354,25,6831,2366,252,38,4321,60,29,16,13,5,16,33,,7609,1276,,42060,16740,357,6,20,,1089,966,6003,765,,257,92,848,,16902,25270,3107,8,102,,51,115,2624,2881,,13,2,183,21,59,49,46,115,246,63,4,31,,111,51,165,16,11,59,1,841,115,36,28,34,15,56
2014-05-22,9407,3422,14911,3859,930,1408,1530,506,820,1209,,2885,213,387,356,25,6862,2371,253,39,4344,60,29,16,13,5,16,33,,7657,1284,,42409,16877,374,6,21,,1102,985,6061,776,,259,97,848,,17015,25452,3123,8,103,,53,115,2642,2891,,13,2,184,21,59,49,46,117,247,65,4,31,,113,53,165,16,11,59,1,843,115,36,28,34,15,56
2014-05-29,9451,3443,15036,3880,937,1418,1541,507,831,1219,,2898,216,389,358,25,6897,2381,254,40,4371,60,29,16,13,5,16,33,,7715,1292,,42779,17004,394,6,24,,1117,993,6111,792,,259,98,858,,17128,25643,3139,8,103,,55,115,2653,2909,,13,2,184,21,59,49,46,118,249,65,4,32,,114,55,166,16,11,59,1,847,115,36,28,34,15,56
2014-06-05,9484,3465,15142,3894,948,1423,1553,511,837,1233,,2909,218,389,359,25,6923,2400,257,42,4399,60,29,16,13,5,16,33,,7766,1300,,43114,17123,414,6,24,,1126,1008,6148,821,,260,103,862,,17245,25774,3154,8,103,,61,115,2667,2928,,13,2,186,21,59,49,46,119,249,65,4,32,,114,56,166,16,11,59,1,847,115,36,28,34,15,56
2014-06-12,9522,3485,15239,3917,954,1430,1568,514,846,1238,,2915,219,390,359,25,6968,2412,257,42,4414,60,29,16,13,5,16,33,,7821,1302,,43454,17257,451,6,24,,1141,1015,6207,836,,263,108,865,,17352,25929,3166,8,105,,63,115,2681,2948,,13,2,188,21,59,50,46,119,250,65,4,32,,115,56,166,17,11,60,1,853,115,36,28,34,15,56
2014-06-19,9563,3504,15328,3935,959,1440,1587,516,852,1242,,2922,223,391,359,25,7014,2423,258,43,4431,61,29,16,13,5,16,33,,7865,1310,,43817,17373,481,6,27,,1155,1033,6251,848,,265,112,870,,17451,26069,3175,8,105,,67,116,2693,2965,,14,2,189,21,59,50,47,119,251,65,4,32,,116,56,169,17,11,60,1,858,116,37,28,36,15,57
2014-06-26,9586,3520,15427,3951,962,1447,1612,519,858,1260,,2941,226,395,361,25,7059,2434,261,45,4444,61,29,16,13,5,16,34,,7910,1317,,44187,17504,515,7,30,,1176,1045,6304,859,,265,115,871,,17547,26232,3196,9,105,,67,116,2718,2978,,14,2,191,21,59,50,47,122,252,66,4,32,,116,56,170,17,11,60,1,863,118,38,28,36,15,57
2014-07-03,9620,3543,15527,3968,966,1456,1626,525,864,1271,,2955,228,398,361,25,7108,2461,266,46,4473,61,29,16,13,5,16,35,,7964,1329,,44506,17641,543,8,31,,1184,1060,6349,877,,266,119,872,,17642,26371,3216,9,105,,67,116,2736,2987,,14,2,192,21,59,50,47,123,255,68,4,32,,116,56,170,17,11,60,1,867,118,38,28,36,15,57
2014-07-10,9654,3562,15623,3986,974,1463,1647,526,868,1279,,2969,232,400,363,25,7144,2473,269,48,4493,61,29,16,13,5,16,36,,8007,1333,,44918,17805,578,10,36,,1206,1077,6407,898,,268,123,877,,17737,26528,3234,9,106,,68,116,2757,3004,,14,2,192,22,59,50,48,124,257,68,4,32,,116,58,170,17,12,60,1,867,118,38,28,36,15,57
2014-07-17,9709,3580,15712,4005,980,1475,1669,536,876,1292,,2989,237,402,364,25,7193,2497,272,51,4525,61,29,16,13,5,16,36,,8054,1343,,45319,17968,620,11,41,,1230,1092,6468,930,,270,127,882,,17845,26685,3243,9,107,,72,116,2774,3016,,14,2,193,22,59,50,48,125,258,68,4,32,,116,58,170,17,12,60,1,870,118,38,28,36,15,58
2014-07-24,9766,3599,15807,4025,985,1487,1686,541,881,1300,,3001,242,405,365,25,7239,2508,274,55,4542,61,30,16,13,7,16,36,,8101,1355,,45702,18117,648,11,43,,1256,1105,6523,953,,275,128,885,,17970,26850,3264,9,108,,77,116,2791,3030,,14,2,194,22,59,50,49,125,259,68,4,32,,117,60,170,17,12,61,1,875,118,39,28,36,15,58
2014-07-31,9819,3613,15924,4062,992,1492,1703,541,890,1306,,3014,244,408,366,25,7279,2519,277,56,4561,61,32,17,13,7,16,36,,8149,1365,,46054,18252,678,11,48,,1269,1116,6591,977,,282,129,888,,18078,27010,3279,9,108,,79,117,2805,3048,,14,2,196,22,59,50,49,126,261,70,4,32,,118,63,171,17,12,61,1,879,119,39,28,36,15,59
2014-08-07,9859,3626,16022,4079,1004,1498,1726,542,897,1313,,3031,249,409,366,25,7311,2533,282,59,4575,61,32,17,13,8,17,36,,8192,1372,,46430,18409,700,12,53,,1286,1136,6636,994,,283,134,891,,18191,27170,3299,9,111,,82,117,2823,3060,,14,2,196,23,59,50,49,126,264,70,4,32,,118,63,172,17,12,61,1,881,121,39,28,36,15,59
2014-08-14,9899,3645,16134,4102,1009,1509,1742,544,903,1330,,3046,252,412,367,25,7362,2545,283,60,4599,61,32,17,13,9,17,37,,8234,1375,,46792,18544,740,13,56,,1307,1154,6685,1009,,284,138,893,,18296,27329,3313,9,111,,85,117,2837,3078,,14,2,198,23,60,50,49,126,268,73,4,33,,118,64,172,17,12,61,1,882,121,39,29,36,15,59
2014-08-21,9940,3663,16227,4119,1014,1518,1762,547,910,1342,,3058,254,414,369,25,7404,2554,283,60,4613,62,32,17,13,9,17,37,,8291,1382,,47127,18690,778,13,57,,1321,1167,6732,1021,,286,141,898,,18388,27456,3331,9,112,,87,117,2849,3092,,14,2,201,23,60,50,49,126,270,74,4,33,,118,64,172,17,12,61,1,884,122,40,30,36,16,59
2014-08-28,9986,3676,16344,4150,1020,1525,1776,550,925,1347,,3068,256,417,370,25,7450,2573,285,63,4631,63,32,17,13,9,17,37,,8335,1385,,47486,18855,817,13,60,,1347,1181,6787,1040,,291,143,901,,18503,27610,3348,9,112,,87,118,2877,3111,,15,2,202,23,60,50,49,126,274,74,4,34,,118,64,174,18,12,61,1,888,122,42,30,37,16,59
2014-09-04,10029,3695,16470,4164,1026,1538,1789,551,934,1354,,3080,258,419,371,25,7504,2592,289,63,4655,63,32,17,13,9,17,37,,8389,1386,,47870,19001,848,13,60,,1364,1190,6844,1058,,297,145,901,,18630,27753,3363,9,112,,92,119,2893,3126,,15,2,203,23,60,50,49,127,275,77,4,34,,118,64,175,18,12,64,1,892,122,42,30,41,16,59
2014-09-11,10072,3720,16597,4193,1034,1547,1801,551,940,1361,,3101,265,421,373,25,7568,2608,291,65,4688,63,32,17,13,9,17,37,,8432,1391,,48322,19189,902,13,61,,1397,1212,6908,1077,,301,146,907,,18770,27895,3381,9,115,,95,119,2911,3142,,15,2,204,23,60,50,51,127,278,77,4,35,,121,64,178,18,12,66,1,896,122,42,30,42,18,59
2014-09-18,10119,3742,16702,4218,1040,1560,1819,552,948,1369,,3118,267,423,374,25,7618,2631,293,69,4730,64,32,17,13,9,17,37,,8485,1405,,48734,19365,942,13,64,,1422,1230,6959,1101,,304,149,917,,18892,28062,3411,9,115,,98,119,2930,3163,,15,2,204,23,60,50,51,127,280,78,4,35,,122,64,180,18,12,66,1,900,123,42,31,42,18,61
2014-09-25,10172,3778,16824,4243,1047,1576,1840,552,957,1383,,3140,271,427,378,25,7670,2662,295,71,4779,66,32,18,13,9,17,38,,8537,1413,,49146,19541,978,14,67,,1438,1249,7015,1115,,305,151,923,,19030,28198,3427,9,115,,99,119,2951,3178,,15,2,205,23,60,50,51,128,281,78,4,35,,122,64,180,18,12,67,1,905,123,42,31,42,18,61
2014-10-02,10221,3812,16941,4265,1054,1584,1858,555,967,1395,,3150,274,427,380,25,7733,2680,296,71,4800,66,32,18,13,9,17,38,,8596,1428,,49546,19701,1023,16,69,1,1456,1262,7078,1132,,308,152,929,,19144,28366,3459,9,115,,99,120,2978,3196,,15,2,206,23,63,51,52,129,281,79,4,36,,123,64,182,19,12,67,1,911,123,42,31,42,18,61
2014-10-09,10273,3834,17028,4281,1059,1587,1869,555,974,1404,,3170,277,430,380,25,7767,2692,298,72,4834,66,33,18,15,9,17,38,,8649,1435,,49884,19851,1060,16,72,3,1475,1272,7137,1145,,310,160,933,,19234,28491,3483,10,115,,100,121,3000,3217,,15,2,208,24,63,51,52,129,282,79,4,36,,123,64,182,19,12,67,1,914,124,44,31,43,19,61
2014-10-16,10329,3855,17157,4305,1065,1595,1893,556,981,1419,,3181,280,431,381,25,7834,2710,301,75,4870,66,33,18,15,9,17,38,,8707,1447,,50299,20043,1105,16,72,7,1496,1294,7204,1164,,316,164,935,,19336,28638,3507,10,115,,102,123,3028,3240,,15,2,209,24,63,52,52,130,283,80,4,36,,123,64,183,19,12,68,1,915,124,44,31,43,20,61
2014-10-23,10377,3879,17272,4318,1073,1602,1918,561,991,1429,,3197,285,432,385,25,7891,2729,307,77,4908,66,34,18,15,9,17,38,,8766,1459,,50694,20209,1139,16,72,8,1525,1309,7259,1184,,327,167,935,,19444,28801,3527,10,115,,106,123,3052,3253,,15,2,210,24,63,52,52,130,285,80,4,36,,123,65,184,19,12,70,1,919,125,44,31,43,20,61
2014-10-30,10413,3901,17392,4350,1081,1609,1938,561,1002,1438,,3221,288,439,388,26,7948,2751,311,81,4937,66,34,18,16,10,18,38,,8816,1460,,51132,20402,1197,16,75,10,1555,1324,7325,1204,,330,167,938,,19567,28970,3553,10,115,,108,123,3063,3260,,15,2,211,25,64,52,52,130,287,80,4,36,,124,67,184,19,12,70,1,925,125,44,31,43,20,61
2014-11-06,10467,3923,17498,4370,1086,1619,1953,561,1008,1446,,3233,290,439,390,26,8011,2770,313,81,4970,67,34,18,16,10,18,39,,8848,1468,,51539,20595,1243,16,79,10,1583,1339,7385,1220,,330,167,942,,19708,29111,3578,10,115,,112,124,3088,3271,,15,3,214,25,65,53,53,132,289,81,4,37,,126,69,184,19,12,70,2,932,126,45,31,43,21,61
2014-11-13,10521,3937,17602,4393,1093,1625,1958,567,1015,1454,,3253,294,440,391,26,8066,2795,319,86,5001,67,34,18,16,10,18,39,,8915,1475,,52006,20770,1288,16,83,12,1602,1355,7438,1245,,334,169,949,,19851,29258,3598,10,116,,117,125,3111,3290,,15,3,216,25,65,53,53,132,291,81,4,39,,127,69,185,21,13,71,2,934,128,45,31,43,21,61
2014-11-20,10589,3959,17708,4419,1103,1640,1976,570,1019,1466,,3282,302,446,392,26,8124,2815,322,88,5021,67,35,18,16,10,20,39,,8973,1489,,52443,20952,1331,16,89,15,1620,1377,7506,1271,,335,173,951,,19961,29414,3610,10,116,,119,126,3133,3300,,15,3,216,25,65,53,53,133,292,82,4,39,,127,70,185,21,13,71,2,935,128,45,31,43,21,61
2014-11-27,10639,3985,17829,4443,1112,1649,1995,573,1026,1475,,3298,308,448,392,26,8180,2848,325,91,5047,69,35,18,16,10,20,39,,9036,1498,,52927,21127,1386,16,92,18,1645,1396,7540,1286,,338,182,955,,20082,29561,3627,11,116,,123,127,3148,3317,,15,3,217,25,65,53,55,133,293,82,4,40,,128,70,187,22,13,71,2,942,129,45,32,43,21,61
2014-12-04,10679,4014,17939,4463,1114,1660,2004,574,1030,1481,,3309,309,448,394,26,8233,2876,327,92,5067,69,37,18,16,10,20,39,,9084,1507,,53330,21302,1437,16,96,21,1661,1414,7597,1311,,341,186,959,,20226,29733,3643,11,118,,126,130,3167,3333,,15,3,218,25,66,53,56,133,295,82,4,41,,128,70,190,22,13,71,2,945,129,45,32,44,21,64
2014-12-11,10723,4035,18067,4484,1116,1670,2019,577,1033,1491,,3319,314,452,400,26,8280,2900,330,93,5092,69,37,18,16,10,20,39,,9146,1513,,53764,21456,1490,16,100,23,1684,1425,7647,1331,,343,189,961,,20344,29897,3658,11,119,,128,130,3181,3347,,15,3,218,25,66,54,56,134,299,83,4,41,,129,71,190,22,13,72,3,948,129,46,32,44,21,65
2014-12-18,10761,4051,18173,4506,1125,1681,2034,583,1046,1499,,3334,315,454,404,26,8337,2925,330,93,5110,70,37,19,17,10,20,39,,9202,1520,,54184,21610,1560,17,104,30,1702,1450,7710,1359,,345,193,965,,20450,30066,3674,11,119,,131,132,3195,3367,,15,3,218,25,66,54,56,134,301,83,4,41,,129,71,190,22,13,72,3,948,129,47,32,45,21,66
2014-12-25,10789,4065,18278,4517,1131,1692,2057,584,1054,1501,,3339,318,454,405,26,8373,2936,332,96,5129,71,37,19,17,10,21,40,,9259,1525,,54535,21785,1602,18,107,34,1734,1463,7779,1373,,349,197,969,,20554,30182,3688,11,120,,131,132,3206,3373,,15,3,218,25,66,54,56,134,302,83,4,41,,129,72,190,22,13,73,3,951,130,48,32,45,21,67
2015-01-01,10813,4078,18354,4524,1134,1701,2066,587,1058,1505,,3351,322,455,408,27,8395,2944,335,100,5146,71,37,19,17,10,21,41,,9285,1529,,54820,21913,1636,18,109,36,1750,1476,7825,1382,,349,199,970,,20623,30301,3702,11,120,,134,132,3212,3381,,16,3,219,25,66,54,56,136,303,83,4,41,,129,74,190,22,13,73,3,954,130,48,32,45,21,67
2015-01-08,10840,4099,18441,4542,1140,1704,2081,588,1064,1511,,3359,322,455,411,27,8433,2957,337,102,5167,71,37,19,17,11,21,42,,9336,1536,,55154,22063,1679,18,111,38,1766,1494,7883,1403,,352,200,972,,20739,30423,3713,11,120,,135,132,3216,3389,,17,3,221,25,66,54,56,136,305,84,4,41,,129,75,192,22,13,75,3,958,130,49,32,45,21,67
2015-01-15,10889,4120,18565,4565,1144,1714,2103,590,1072,1522,,3374,326,457,411,28,8490,2979,341,106,5192,72,37,19,17,11,21,42,,9383,1542,,55560,22235,1728,19,115,42,1793,1514,7948,1417,,358,201,978,,20878,30592,3729,11,120,,139,132,3235,3401,,17,3,221,25,66,54,56,138,305,84,4,41,,130,75,192,22,13,75,3,964,132,49,32,45,21,67
2015-01-22,10928,4141,18679,4586,1151,1720,2117,590,1081,1531,,3384,328,461,413,28,8550,2991,343,108,5217,73,37,19,17,11,21,42,,9435,1551,,56049,22405,1792,19,119,44,1824,1543,8018,1436,,362,204,978,,20987,30729,3755,11,121,,140,132,3252,3411,,17,3,222,25,66,54,57,138,307,84,4,42,,130,75,192,22,13,76,3,970,132,49,32,45,21,69
2015-01-29,10973,4157,18792,4612,1157,1733,2140,594,1086,1542,,3403,330,462,414,29,8599,3007,345,110,5237,73,37,20,17,11,21,42,,9488,1564,,56426,22585,1858,21,125,57,1846,1561,8079,1454,,371,205,982,,21112,30888,3776,11,121,,140,135,3271,3435,,17,3,223,25,66,55,58,138,310,84,4,45,,130,75,193,23,13,76,3,974,132,49,32,45,22,69
2015-02-05,11022,4183,18895,4641,1166,1746,2162,597,1093,1553,,3407,331,464,414,29,8648,3029,350,113,5267,73,37,20,17,11,21,42,,9537,1574,,56876,22763,1918,21,131,63,1870,1580,8142,1477,,374,214,986,,21245,31040,3795,12,121,,147,135,3288,3452,,17,5,226,25,66,55,58,138,311,84,4,46,,130,75,195,24,13,76,3,977,132,49,32,45,23,69
2015-02-12,11068,4206,19010,4666,1170,1755,2186,601,1101,1567,,3424,333,467,414,29,8689,3045,354,114,5286,73,38,20,17,11,21,44,,9616,1585,,57303,22961,1988,21,137,71,1890,1594,8211,1502,,375,220,987,,21378,31227,3814,12,121,,149,135,3309,3467,,17,5,227,26,66,56,58,138,311,84,4,46,,130,76,195,24,13,77,3,982,132,49,32,45,23,70
2015-02-19,11104,4228,19139,4691,1173,1761,2204,602,1107,1578,,3441,336,469,417,29,8742,3055,357,118,5307,73,38,20,17,11,21,45,,9669,1588,,57687,23117,2056,21,139,78,1913,1614,8268,1513,,375,223,987,,21494,31414,3835,12,122,,152,136,3325,3488,,18,5,229,26,67,56,58,138,311,84,4,46,,130,76,195,24,13,77,3,988,134,49,32,45,24,71
2015-02-26,11158,4251,19249,4710,1182,1768,2217,605,1117,1586,,3464,339,474,417,29,8789,3073,358,119,5332,73,40,20,17,11,21,45,,9712,1596,,58172,23339,2126,21,144,82,1929,1630,8340,1532,,378,230,992,,21607,31587,3847,12,122,,153,138,3346,3506,,18,5,230,26,67,56,58,138,313,84,4,46,,131,76,195,24,13,77,3,990,134,49,32,45,24,72
